Copyright 1986-2022 Xilinx, Inc. All Rights Reserved. Copyright 2022-2024 Advanced Micro Devices, Inc. All Rights Reserved.
---------------------------------------------------------------------------------------------------------------------------------------------
| Tool Version : Vivado v.2024.1 (win64) Build 5076996 Wed May 22 18:37:14 MDT 2024
| Date         : Wed Jun 10 12:51:13 2026
| Host         : LKLenovo running 64-bit major release  (build 9200)
| Command      : report_drc -file EEBench_drc_routed.rpt -pb EEBench_drc_routed.pb -rpx EEBench_drc_routed.rpx
| Design       : EEBench
| Device       : xc7a35tcpg236-1
| Speed File   : -1
| Design State : Fully Routed
---------------------------------------------------------------------------------------------------------------------------------------------

Report DRC

Table of Contents
-----------------
1. REPORT SUMMARY
2. REPORT DETAILS

1. REPORT SUMMARY
-----------------
            Netlist: netlist
          Floorplan: design_1
      Design limits: <entire design considered>
           Ruledeck: default
             Max violations: <unlimited>
             Violations found: 247
+-----------+----------+----------------------------+------------+
| Rule      | Severity | Description                | Violations |
+-----------+----------+----------------------------+------------+
| CHECK-3   | Warning  | Report rule limit reached  | 1          |
| DPIP-1    | Warning  | Input pipelining           | 80         |
| DPOP-1    | Warning  | PREG Output pipelining     | 52         |
| DPOP-2    | Warning  | MREG Output pipelining     | 52         |
| PDRC-153  | Warning  | Gated clock check          | 42         |
| REQP-1839 | Warning  | RAMB36 async control check | 20         |
+-----------+----------+----------------------------+------------+

2. REPORT DETAILS
-----------------
CHECK-3#1 Warning
Report rule limit reached  
REQP-1839 rule limit reached: 20 violations have been found.
Related violations: <none>

DPIP-1#1 Warning
Input pipelining  
DSP sine_unit/mul1/pipe_mul1/multOp input sine_unit/mul1/pipe_mul1/multOp/B[17:0] is not pipelined. Pipelining DSP48 input will improve performance.
Related violations: <none>

DPIP-1#2 Warning
Input pipelining  
DSP sine_unit/mul1/pipe_mul1/multOp__0 input sine_unit/mul1/pipe_mul1/multOp__0/A[29:0] is not pipelined. Pipelining DSP48 input will improve performance.
Related violations: <none>

DPIP-1#3 Warning
Input pipelining  
DSP sine_unit/mul1/pipe_mul1/multOp__1 input sine_unit/mul1/pipe_mul1/multOp__1/A[29:0] is not pipelined. Pipelining DSP48 input will improve performance.
Related violations: <none>

DPIP-1#4 Warning
Input pipelining  
DSP sine_unit/mul1/pipe_mul1/multOp__2 input sine_unit/mul1/pipe_mul1/multOp__2/A[29:0] is not pipelined. Pipelining DSP48 input will improve performance.
Related violations: <none>

DPIP-1#5 Warning
Input pipelining  
DSP sine_unit/mul1/pipe_mul2/multOp input sine_unit/mul1/pipe_mul2/multOp/B[17:0] is not pipelined. Pipelining DSP48 input will improve performance.
Related violations: <none>

DPIP-1#6 Warning
Input pipelining  
DSP sine_unit/mul1/pipe_mul2/multOp__0 input sine_unit/mul1/pipe_mul2/multOp__0/A[29:0] is not pipelined. Pipelining DSP48 input will improve performance.
Related violations: <none>

DPIP-1#7 Warning
Input pipelining  
DSP sine_unit/mul1/pipe_mul2/multOp__0 input sine_unit/mul1/pipe_mul2/multOp__0/B[17:0] is not pipelined. Pipelining DSP48 input will improve performance.
Related violations: <none>

DPIP-1#8 Warning
Input pipelining  
DSP sine_unit/mul1/pipe_mul2/multOp__1 input sine_unit/mul1/pipe_mul2/multOp__1/A[29:0] is not pipelined. Pipelining DSP48 input will improve performance.
Related violations: <none>

DPIP-1#9 Warning
Input pipelining  
DSP sine_unit/mul1/pipe_mul2/multOp__2 input sine_unit/mul1/pipe_mul2/multOp__2/A[29:0] is not pipelined. Pipelining DSP48 input will improve performance.
Related violations: <none>

DPIP-1#10 Warning
Input pipelining  
DSP sine_unit/mul1/pipe_mul2/multOp__2 input sine_unit/mul1/pipe_mul2/multOp__2/B[17:0] is not pipelined. Pipelining DSP48 input will improve performance.
Related violations: <none>

DPIP-1#11 Warning
Input pipelining  
DSP sine_unit/mul1/pipe_mul3/multOp input sine_unit/mul1/pipe_mul3/multOp/B[17:0] is not pipelined. Pipelining DSP48 input will improve performance.
Related violations: <none>

DPIP-1#12 Warning
Input pipelining  
DSP sine_unit/mul1/pipe_mul3/multOp__0 input sine_unit/mul1/pipe_mul3/multOp__0/A[29:0] is not pipelined. Pipelining DSP48 input will improve performance.
Related violations: <none>

DPIP-1#13 Warning
Input pipelining  
DSP sine_unit/mul1/pipe_mul3/multOp__0 input sine_unit/mul1/pipe_mul3/multOp__0/B[17:0] is not pipelined. Pipelining DSP48 input will improve performance.
Related violations: <none>

DPIP-1#14 Warning
Input pipelining  
DSP sine_unit/mul1/pipe_mul3/multOp__1 input sine_unit/mul1/pipe_mul3/multOp__1/A[29:0] is not pipelined. Pipelining DSP48 input will improve performance.
Related violations: <none>

DPIP-1#15 Warning
Input pipelining  
DSP sine_unit/mul1/pipe_mul3/multOp__2 input sine_unit/mul1/pipe_mul3/multOp__2/A[29:0] is not pipelined. Pipelining DSP48 input will improve performance.
Related violations: <none>

DPIP-1#16 Warning
Input pipelining  
DSP sine_unit/mul1/pipe_mul3/multOp__2 input sine_unit/mul1/pipe_mul3/multOp__2/B[17:0] is not pipelined. Pipelining DSP48 input will improve performance.
Related violations: <none>

DPIP-1#17 Warning
Input pipelining  
DSP sine_unit/mul1/pipe_mul4/multOp input sine_unit/mul1/pipe_mul4/multOp/B[17:0] is not pipelined. Pipelining DSP48 input will improve performance.
Related violations: <none>

DPIP-1#18 Warning
Input pipelining  
DSP sine_unit/mul1/pipe_mul4/multOp__0 input sine_unit/mul1/pipe_mul4/multOp__0/A[29:0] is not pipelined. Pipelining DSP48 input will improve performance.
Related violations: <none>

DPIP-1#19 Warning
Input pipelining  
DSP sine_unit/mul1/pipe_mul4/multOp__1 input sine_unit/mul1/pipe_mul4/multOp__1/A[29:0] is not pipelined. Pipelining DSP48 input will improve performance.
Related violations: <none>

DPIP-1#20 Warning
Input pipelining  
DSP sine_unit/mul1/pipe_mul4/multOp__2 input sine_unit/mul1/pipe_mul4/multOp__2/A[29:0] is not pipelined. Pipelining DSP48 input will improve performance.
Related violations: <none>

DPIP-1#21 Warning
Input pipelining  
DSP sine_unit/mul2/pipe_mul1/multOp input sine_unit/mul2/pipe_mul1/multOp/A[29:0] is not pipelined. Pipelining DSP48 input will improve performance.
Related violations: <none>

DPIP-1#22 Warning
Input pipelining  
DSP sine_unit/mul2/pipe_mul1/multOp input sine_unit/mul2/pipe_mul1/multOp/B[17:0] is not pipelined. Pipelining DSP48 input will improve performance.
Related violations: <none>

DPIP-1#23 Warning
Input pipelining  
DSP sine_unit/mul2/pipe_mul1/multOp__0 input sine_unit/mul2/pipe_mul1/multOp__0/A[29:0] is not pipelined. Pipelining DSP48 input will improve performance.
Related violations: <none>

DPIP-1#24 Warning
Input pipelining  
DSP sine_unit/mul2/pipe_mul1/multOp__0 input sine_unit/mul2/pipe_mul1/multOp__0/B[17:0] is not pipelined. Pipelining DSP48 input will improve performance.
Related violations: <none>

DPIP-1#25 Warning
Input pipelining  
DSP sine_unit/mul2/pipe_mul1/multOp__1 input sine_unit/mul2/pipe_mul1/multOp__1/A[29:0] is not pipelined. Pipelining DSP48 input will improve performance.
Related violations: <none>

DPIP-1#26 Warning
Input pipelining  
DSP sine_unit/mul2/pipe_mul1/multOp__1 input sine_unit/mul2/pipe_mul1/multOp__1/B[17:0] is not pipelined. Pipelining DSP48 input will improve performance.
Related violations: <none>

DPIP-1#27 Warning
Input pipelining  
DSP sine_unit/mul2/pipe_mul1/multOp__2 input sine_unit/mul2/pipe_mul1/multOp__2/A[29:0] is not pipelined. Pipelining DSP48 input will improve performance.
Related violations: <none>

DPIP-1#28 Warning
Input pipelining  
DSP sine_unit/mul2/pipe_mul1/multOp__2 input sine_unit/mul2/pipe_mul1/multOp__2/B[17:0] is not pipelined. Pipelining DSP48 input will improve performance.
Related violations: <none>

DPIP-1#29 Warning
Input pipelining  
DSP sine_unit/mul2/pipe_mul2/multOp input sine_unit/mul2/pipe_mul2/multOp/A[29:0] is not pipelined. Pipelining DSP48 input will improve performance.
Related violations: <none>

DPIP-1#30 Warning
Input pipelining  
DSP sine_unit/mul2/pipe_mul2/multOp input sine_unit/mul2/pipe_mul2/multOp/B[17:0] is not pipelined. Pipelining DSP48 input will improve performance.
Related violations: <none>

DPIP-1#31 Warning
Input pipelining  
DSP sine_unit/mul2/pipe_mul2/multOp__0 input sine_unit/mul2/pipe_mul2/multOp__0/A[29:0] is not pipelined. Pipelining DSP48 input will improve performance.
Related violations: <none>

DPIP-1#32 Warning
Input pipelining  
DSP sine_unit/mul2/pipe_mul2/multOp__0 input sine_unit/mul2/pipe_mul2/multOp__0/B[17:0] is not pipelined. Pipelining DSP48 input will improve performance.
Related violations: <none>

DPIP-1#33 Warning
Input pipelining  
DSP sine_unit/mul2/pipe_mul2/multOp__1 input sine_unit/mul2/pipe_mul2/multOp__1/A[29:0] is not pipelined. Pipelining DSP48 input will improve performance.
Related violations: <none>

DPIP-1#34 Warning
Input pipelining  
DSP sine_unit/mul2/pipe_mul2/multOp__1 input sine_unit/mul2/pipe_mul2/multOp__1/B[17:0] is not pipelined. Pipelining DSP48 input will improve performance.
Related violations: <none>

DPIP-1#35 Warning
Input pipelining  
DSP sine_unit/mul2/pipe_mul2/multOp__2 input sine_unit/mul2/pipe_mul2/multOp__2/A[29:0] is not pipelined. Pipelining DSP48 input will improve performance.
Related violations: <none>

DPIP-1#36 Warning
Input pipelining  
DSP sine_unit/mul2/pipe_mul2/multOp__2 input sine_unit/mul2/pipe_mul2/multOp__2/B[17:0] is not pipelined. Pipelining DSP48 input will improve performance.
Related violations: <none>

DPIP-1#37 Warning
Input pipelining  
DSP sine_unit/mul2/pipe_mul3/multOp input sine_unit/mul2/pipe_mul3/multOp/A[29:0] is not pipelined. Pipelining DSP48 input will improve performance.
Related violations: <none>

DPIP-1#38 Warning
Input pipelining  
DSP sine_unit/mul2/pipe_mul3/multOp input sine_unit/mul2/pipe_mul3/multOp/B[17:0] is not pipelined. Pipelining DSP48 input will improve performance.
Related violations: <none>

DPIP-1#39 Warning
Input pipelining  
DSP sine_unit/mul2/pipe_mul3/multOp__0 input sine_unit/mul2/pipe_mul3/multOp__0/A[29:0] is not pipelined. Pipelining DSP48 input will improve performance.
Related violations: <none>

DPIP-1#40 Warning
Input pipelining  
DSP sine_unit/mul2/pipe_mul3/multOp__0 input sine_unit/mul2/pipe_mul3/multOp__0/B[17:0] is not pipelined. Pipelining DSP48 input will improve performance.
Related violations: <none>

DPIP-1#41 Warning
Input pipelining  
DSP sine_unit/mul2/pipe_mul3/multOp__1 input sine_unit/mul2/pipe_mul3/multOp__1/A[29:0] is not pipelined. Pipelining DSP48 input will improve performance.
Related violations: <none>

DPIP-1#42 Warning
Input pipelining  
DSP sine_unit/mul2/pipe_mul3/multOp__1 input sine_unit/mul2/pipe_mul3/multOp__1/B[17:0] is not pipelined. Pipelining DSP48 input will improve performance.
Related violations: <none>

DPIP-1#43 Warning
Input pipelining  
DSP sine_unit/mul2/pipe_mul3/multOp__2 input sine_unit/mul2/pipe_mul3/multOp__2/A[29:0] is not pipelined. Pipelining DSP48 input will improve performance.
Related violations: <none>

DPIP-1#44 Warning
Input pipelining  
DSP sine_unit/mul2/pipe_mul3/multOp__2 input sine_unit/mul2/pipe_mul3/multOp__2/B[17:0] is not pipelined. Pipelining DSP48 input will improve performance.
Related violations: <none>

DPIP-1#45 Warning
Input pipelining  
DSP sine_unit/mul2/pipe_mul4/multOp input sine_unit/mul2/pipe_mul4/multOp/A[29:0] is not pipelined. Pipelining DSP48 input will improve performance.
Related violations: <none>

DPIP-1#46 Warning
Input pipelining  
DSP sine_unit/mul2/pipe_mul4/multOp input sine_unit/mul2/pipe_mul4/multOp/B[17:0] is not pipelined. Pipelining DSP48 input will improve performance.
Related violations: <none>

DPIP-1#47 Warning
Input pipelining  
DSP sine_unit/mul2/pipe_mul4/multOp__0 input sine_unit/mul2/pipe_mul4/multOp__0/A[29:0] is not pipelined. Pipelining DSP48 input will improve performance.
Related violations: <none>

DPIP-1#48 Warning
Input pipelining  
DSP sine_unit/mul2/pipe_mul4/multOp__0 input sine_unit/mul2/pipe_mul4/multOp__0/B[17:0] is not pipelined. Pipelining DSP48 input will improve performance.
Related violations: <none>

DPIP-1#49 Warning
Input pipelining  
DSP sine_unit/mul2/pipe_mul4/multOp__1 input sine_unit/mul2/pipe_mul4/multOp__1/A[29:0] is not pipelined. Pipelining DSP48 input will improve performance.
Related violations: <none>

DPIP-1#50 Warning
Input pipelining  
DSP sine_unit/mul2/pipe_mul4/multOp__1 input sine_unit/mul2/pipe_mul4/multOp__1/B[17:0] is not pipelined. Pipelining DSP48 input will improve performance.
Related violations: <none>

DPIP-1#51 Warning
Input pipelining  
DSP sine_unit/mul2/pipe_mul4/multOp__2 input sine_unit/mul2/pipe_mul4/multOp__2/A[29:0] is not pipelined. Pipelining DSP48 input will improve performance.
Related violations: <none>

DPIP-1#52 Warning
Input pipelining  
DSP sine_unit/mul2/pipe_mul4/multOp__2 input sine_unit/mul2/pipe_mul4/multOp__2/B[17:0] is not pipelined. Pipelining DSP48 input will improve performance.
Related violations: <none>

DPIP-1#53 Warning
Input pipelining  
DSP sine_unit/mul3/pipe_mul1/multOp input sine_unit/mul3/pipe_mul1/multOp/B[17:0] is not pipelined. Pipelining DSP48 input will improve performance.
Related violations: <none>

DPIP-1#54 Warning
Input pipelining  
DSP sine_unit/mul3/pipe_mul1/multOp__0 input sine_unit/mul3/pipe_mul1/multOp__0/A[29:0] is not pipelined. Pipelining DSP48 input will improve performance.
Related violations: <none>

DPIP-1#55 Warning
Input pipelining  
DSP sine_unit/mul3/pipe_mul1/multOp__1 input sine_unit/mul3/pipe_mul1/multOp__1/A[29:0] is not pipelined. Pipelining DSP48 input will improve performance.
Related violations: <none>

DPIP-1#56 Warning
Input pipelining  
DSP sine_unit/mul3/pipe_mul1/multOp__2 input sine_unit/mul3/pipe_mul1/multOp__2/A[29:0] is not pipelined. Pipelining DSP48 input will improve performance.
Related violations: <none>

DPIP-1#57 Warning
Input pipelining  
DSP sine_unit/mul3/pipe_mul2/multOp input sine_unit/mul3/pipe_mul2/multOp/B[17:0] is not pipelined. Pipelining DSP48 input will improve performance.
Related violations: <none>

DPIP-1#58 Warning
Input pipelining  
DSP sine_unit/mul3/pipe_mul2/multOp__0 input sine_unit/mul3/pipe_mul2/multOp__0/A[29:0] is not pipelined. Pipelining DSP48 input will improve performance.
Related violations: <none>

DPIP-1#59 Warning
Input pipelining  
DSP sine_unit/mul3/pipe_mul2/multOp__0 input sine_unit/mul3/pipe_mul2/multOp__0/B[17:0] is not pipelined. Pipelining DSP48 input will improve performance.
Related violations: <none>

DPIP-1#60 Warning
Input pipelining  
DSP sine_unit/mul3/pipe_mul2/multOp__1 input sine_unit/mul3/pipe_mul2/multOp__1/A[29:0] is not pipelined. Pipelining DSP48 input will improve performance.
Related violations: <none>

DPIP-1#61 Warning
Input pipelining  
DSP sine_unit/mul3/pipe_mul2/multOp__2 input sine_unit/mul3/pipe_mul2/multOp__2/A[29:0] is not pipelined. Pipelining DSP48 input will improve performance.
Related violations: <none>

DPIP-1#62 Warning
Input pipelining  
DSP sine_unit/mul3/pipe_mul2/multOp__2 input sine_unit/mul3/pipe_mul2/multOp__2/B[17:0] is not pipelined. Pipelining DSP48 input will improve performance.
Related violations: <none>

DPIP-1#63 Warning
Input pipelining  
DSP sine_unit/mul3/pipe_mul3/multOp input sine_unit/mul3/pipe_mul3/multOp/B[17:0] is not pipelined. Pipelining DSP48 input will improve performance.
Related violations: <none>

DPIP-1#64 Warning
Input pipelining  
DSP sine_unit/mul3/pipe_mul3/multOp__0 input sine_unit/mul3/pipe_mul3/multOp__0/A[29:0] is not pipelined. Pipelining DSP48 input will improve performance.
Related violations: <none>

DPIP-1#65 Warning
Input pipelining  
DSP sine_unit/mul3/pipe_mul3/multOp__0 input sine_unit/mul3/pipe_mul3/multOp__0/B[17:0] is not pipelined. Pipelining DSP48 input will improve performance.
Related violations: <none>

DPIP-1#66 Warning
Input pipelining  
DSP sine_unit/mul3/pipe_mul3/multOp__1 input sine_unit/mul3/pipe_mul3/multOp__1/A[29:0] is not pipelined. Pipelining DSP48 input will improve performance.
Related violations: <none>

DPIP-1#67 Warning
Input pipelining  
DSP sine_unit/mul3/pipe_mul3/multOp__2 input sine_unit/mul3/pipe_mul3/multOp__2/A[29:0] is not pipelined. Pipelining DSP48 input will improve performance.
Related violations: <none>

DPIP-1#68 Warning
Input pipelining  
DSP sine_unit/mul3/pipe_mul3/multOp__2 input sine_unit/mul3/pipe_mul3/multOp__2/B[17:0] is not pipelined. Pipelining DSP48 input will improve performance.
Related violations: <none>

DPIP-1#69 Warning
Input pipelining  
DSP sine_unit/mul3/pipe_mul4/multOp input sine_unit/mul3/pipe_mul4/multOp/B[17:0] is not pipelined. Pipelining DSP48 input will improve performance.
Related violations: <none>

DPIP-1#70 Warning
Input pipelining  
DSP sine_unit/mul3/pipe_mul4/multOp__0 input sine_unit/mul3/pipe_mul4/multOp__0/A[29:0] is not pipelined. Pipelining DSP48 input will improve performance.
Related violations: <none>

DPIP-1#71 Warning
Input pipelining  
DSP sine_unit/mul3/pipe_mul4/multOp__1 input sine_unit/mul3/pipe_mul4/multOp__1/A[29:0] is not pipelined. Pipelining DSP48 input will improve performance.
Related violations: <none>

DPIP-1#72 Warning
Input pipelining  
DSP sine_unit/mul3/pipe_mul4/multOp__2 input sine_unit/mul3/pipe_mul4/multOp__2/A[29:0] is not pipelined. Pipelining DSP48 input will improve performance.
Related violations: <none>

DPIP-1#73 Warning
Input pipelining  
DSP sine_unit/myScale/multOp input sine_unit/myScale/multOp/A[29:0] is not pipelined. Pipelining DSP48 input will improve performance.
Related violations: <none>

DPIP-1#74 Warning
Input pipelining  
DSP sine_unit/myScale/multOp input sine_unit/myScale/multOp/B[17:0] is not pipelined. Pipelining DSP48 input will improve performance.
Related violations: <none>

DPIP-1#75 Warning
Input pipelining  
DSP sine_unit/myScale/multOp__0 input sine_unit/myScale/multOp__0/A[29:0] is not pipelined. Pipelining DSP48 input will improve performance.
Related violations: <none>

DPIP-1#76 Warning
Input pipelining  
DSP sine_unit/myScale/multOp__0 input sine_unit/myScale/multOp__0/B[17:0] is not pipelined. Pipelining DSP48 input will improve performance.
Related violations: <none>

DPIP-1#77 Warning
Input pipelining  
DSP sine_unit/myScale/multOp__1 input sine_unit/myScale/multOp__1/A[29:0] is not pipelined. Pipelining DSP48 input will improve performance.
Related violations: <none>

DPIP-1#78 Warning
Input pipelining  
DSP sine_unit/myScale/multOp__1 input sine_unit/myScale/multOp__1/B[17:0] is not pipelined. Pipelining DSP48 input will improve performance.
Related violations: <none>

DPIP-1#79 Warning
Input pipelining  
DSP sine_unit/myScale/multOp__2 input sine_unit/myScale/multOp__2/A[29:0] is not pipelined. Pipelining DSP48 input will improve performance.
Related violations: <none>

DPIP-1#80 Warning
Input pipelining  
DSP sine_unit/myScale/multOp__2 input sine_unit/myScale/multOp__2/B[17:0] is not pipelined. Pipelining DSP48 input will improve performance.
Related violations: <none>

DPOP-1#1 Warning
PREG Output pipelining  
DSP sine_unit/mul1/pipe_mul1/multOp output sine_unit/mul1/pipe_mul1/multOp/P[47:0] is not pipelined (PREG=0). Pipelining the DSP48 output will improve performance and often saves power so it is suggested whenever possible to fully pipeline this function.  If this DSP48 function was inferred, it is suggested to describe an additional register stage after this function.  If the DSP48 was instantiated in the design, it is suggested to set the PREG attribute to 1.
Related violations: <none>

DPOP-1#2 Warning
PREG Output pipelining  
DSP sine_unit/mul1/pipe_mul1/multOp__0 output sine_unit/mul1/pipe_mul1/multOp__0/P[47:0] is not pipelined (PREG=0). Pipelining the DSP48 output will improve performance and often saves power so it is suggested whenever possible to fully pipeline this function.  If this DSP48 function was inferred, it is suggested to describe an additional register stage after this function.  If the DSP48 was instantiated in the design, it is suggested to set the PREG attribute to 1.
Related violations: <none>

DPOP-1#3 Warning
PREG Output pipelining  
DSP sine_unit/mul1/pipe_mul1/multOp__1 output sine_unit/mul1/pipe_mul1/multOp__1/P[47:0] is not pipelined (PREG=0). Pipelining the DSP48 output will improve performance and often saves power so it is suggested whenever possible to fully pipeline this function.  If this DSP48 function was inferred, it is suggested to describe an additional register stage after this function.  If the DSP48 was instantiated in the design, it is suggested to set the PREG attribute to 1.
Related violations: <none>

DPOP-1#4 Warning
PREG Output pipelining  
DSP sine_unit/mul1/pipe_mul1/multOp__2 output sine_unit/mul1/pipe_mul1/multOp__2/P[47:0] is not pipelined (PREG=0). Pipelining the DSP48 output will improve performance and often saves power so it is suggested whenever possible to fully pipeline this function.  If this DSP48 function was inferred, it is suggested to describe an additional register stage after this function.  If the DSP48 was instantiated in the design, it is suggested to set the PREG attribute to 1.
Related violations: <none>

DPOP-1#5 Warning
PREG Output pipelining  
DSP sine_unit/mul1/pipe_mul2/multOp output sine_unit/mul1/pipe_mul2/multOp/P[47:0] is not pipelined (PREG=0). Pipelining the DSP48 output will improve performance and often saves power so it is suggested whenever possible to fully pipeline this function.  If this DSP48 function was inferred, it is suggested to describe an additional register stage after this function.  If the DSP48 was instantiated in the design, it is suggested to set the PREG attribute to 1.
Related violations: <none>

DPOP-1#6 Warning
PREG Output pipelining  
DSP sine_unit/mul1/pipe_mul2/multOp__0 output sine_unit/mul1/pipe_mul2/multOp__0/P[47:0] is not pipelined (PREG=0). Pipelining the DSP48 output will improve performance and often saves power so it is suggested whenever possible to fully pipeline this function.  If this DSP48 function was inferred, it is suggested to describe an additional register stage after this function.  If the DSP48 was instantiated in the design, it is suggested to set the PREG attribute to 1.
Related violations: <none>

DPOP-1#7 Warning
PREG Output pipelining  
DSP sine_unit/mul1/pipe_mul2/multOp__1 output sine_unit/mul1/pipe_mul2/multOp__1/P[47:0] is not pipelined (PREG=0). Pipelining the DSP48 output will improve performance and often saves power so it is suggested whenever possible to fully pipeline this function.  If this DSP48 function was inferred, it is suggested to describe an additional register stage after this function.  If the DSP48 was instantiated in the design, it is suggested to set the PREG attribute to 1.
Related violations: <none>

DPOP-1#8 Warning
PREG Output pipelining  
DSP sine_unit/mul1/pipe_mul2/multOp__2 output sine_unit/mul1/pipe_mul2/multOp__2/P[47:0] is not pipelined (PREG=0). Pipelining the DSP48 output will improve performance and often saves power so it is suggested whenever possible to fully pipeline this function.  If this DSP48 function was inferred, it is suggested to describe an additional register stage after this function.  If the DSP48 was instantiated in the design, it is suggested to set the PREG attribute to 1.
Related violations: <none>

DPOP-1#9 Warning
PREG Output pipelining  
DSP sine_unit/mul1/pipe_mul3/multOp output sine_unit/mul1/pipe_mul3/multOp/P[47:0] is not pipelined (PREG=0). Pipelining the DSP48 output will improve performance and often saves power so it is suggested whenever possible to fully pipeline this function.  If this DSP48 function was inferred, it is suggested to describe an additional register stage after this function.  If the DSP48 was instantiated in the design, it is suggested to set the PREG attribute to 1.
Related violations: <none>

DPOP-1#10 Warning
PREG Output pipelining  
DSP sine_unit/mul1/pipe_mul3/multOp__0 output sine_unit/mul1/pipe_mul3/multOp__0/P[47:0] is not pipelined (PREG=0). Pipelining the DSP48 output will improve performance and often saves power so it is suggested whenever possible to fully pipeline this function.  If this DSP48 function was inferred, it is suggested to describe an additional register stage after this function.  If the DSP48 was instantiated in the design, it is suggested to set the PREG attribute to 1.
Related violations: <none>

DPOP-1#11 Warning
PREG Output pipelining  
DSP sine_unit/mul1/pipe_mul3/multOp__1 output sine_unit/mul1/pipe_mul3/multOp__1/P[47:0] is not pipelined (PREG=0). Pipelining the DSP48 output will improve performance and often saves power so it is suggested whenever possible to fully pipeline this function.  If this DSP48 function was inferred, it is suggested to describe an additional register stage after this function.  If the DSP48 was instantiated in the design, it is suggested to set the PREG attribute to 1.
Related violations: <none>

DPOP-1#12 Warning
PREG Output pipelining  
DSP sine_unit/mul1/pipe_mul3/multOp__2 output sine_unit/mul1/pipe_mul3/multOp__2/P[47:0] is not pipelined (PREG=0). Pipelining the DSP48 output will improve performance and often saves power so it is suggested whenever possible to fully pipeline this function.  If this DSP48 function was inferred, it is suggested to describe an additional register stage after this function.  If the DSP48 was instantiated in the design, it is suggested to set the PREG attribute to 1.
Related violations: <none>

DPOP-1#13 Warning
PREG Output pipelining  
DSP sine_unit/mul1/pipe_mul4/multOp output sine_unit/mul1/pipe_mul4/multOp/P[47:0] is not pipelined (PREG=0). Pipelining the DSP48 output will improve performance and often saves power so it is suggested whenever possible to fully pipeline this function.  If this DSP48 function was inferred, it is suggested to describe an additional register stage after this function.  If the DSP48 was instantiated in the design, it is suggested to set the PREG attribute to 1.
Related violations: <none>

DPOP-1#14 Warning
PREG Output pipelining  
DSP sine_unit/mul1/pipe_mul4/multOp__0 output sine_unit/mul1/pipe_mul4/multOp__0/P[47:0] is not pipelined (PREG=0). Pipelining the DSP48 output will improve performance and often saves power so it is suggested whenever possible to fully pipeline this function.  If this DSP48 function was inferred, it is suggested to describe an additional register stage after this function.  If the DSP48 was instantiated in the design, it is suggested to set the PREG attribute to 1.
Related violations: <none>

DPOP-1#15 Warning
PREG Output pipelining  
DSP sine_unit/mul1/pipe_mul4/multOp__1 output sine_unit/mul1/pipe_mul4/multOp__1/P[47:0] is not pipelined (PREG=0). Pipelining the DSP48 output will improve performance and often saves power so it is suggested whenever possible to fully pipeline this function.  If this DSP48 function was inferred, it is suggested to describe an additional register stage after this function.  If the DSP48 was instantiated in the design, it is suggested to set the PREG attribute to 1.
Related violations: <none>

DPOP-1#16 Warning
PREG Output pipelining  
DSP sine_unit/mul1/pipe_mul4/multOp__2 output sine_unit/mul1/pipe_mul4/multOp__2/P[47:0] is not pipelined (PREG=0). Pipelining the DSP48 output will improve performance and often saves power so it is suggested whenever possible to fully pipeline this function.  If this DSP48 function was inferred, it is suggested to describe an additional register stage after this function.  If the DSP48 was instantiated in the design, it is suggested to set the PREG attribute to 1.
Related violations: <none>

DPOP-1#17 Warning
PREG Output pipelining  
DSP sine_unit/mul2/pipe_mul1/multOp output sine_unit/mul2/pipe_mul1/multOp/P[47:0] is not pipelined (PREG=0). Pipelining the DSP48 output will improve performance and often saves power so it is suggested whenever possible to fully pipeline this function.  If this DSP48 function was inferred, it is suggested to describe an additional register stage after this function.  If the DSP48 was instantiated in the design, it is suggested to set the PREG attribute to 1.
Related violations: <none>

DPOP-1#18 Warning
PREG Output pipelining  
DSP sine_unit/mul2/pipe_mul1/multOp__0 output sine_unit/mul2/pipe_mul1/multOp__0/P[47:0] is not pipelined (PREG=0). Pipelining the DSP48 output will improve performance and often saves power so it is suggested whenever possible to fully pipeline this function.  If this DSP48 function was inferred, it is suggested to describe an additional register stage after this function.  If the DSP48 was instantiated in the design, it is suggested to set the PREG attribute to 1.
Related violations: <none>

DPOP-1#19 Warning
PREG Output pipelining  
DSP sine_unit/mul2/pipe_mul1/multOp__1 output sine_unit/mul2/pipe_mul1/multOp__1/P[47:0] is not pipelined (PREG=0). Pipelining the DSP48 output will improve performance and often saves power so it is suggested whenever possible to fully pipeline this function.  If this DSP48 function was inferred, it is suggested to describe an additional register stage after this function.  If the DSP48 was instantiated in the design, it is suggested to set the PREG attribute to 1.
Related violations: <none>

DPOP-1#20 Warning
PREG Output pipelining  
DSP sine_unit/mul2/pipe_mul1/multOp__2 output sine_unit/mul2/pipe_mul1/multOp__2/P[47:0] is not pipelined (PREG=0). Pipelining the DSP48 output will improve performance and often saves power so it is suggested whenever possible to fully pipeline this function.  If this DSP48 function was inferred, it is suggested to describe an additional register stage after this function.  If the DSP48 was instantiated in the design, it is suggested to set the PREG attribute to 1.
Related violations: <none>

DPOP-1#21 Warning
PREG Output pipelining  
DSP sine_unit/mul2/pipe_mul2/multOp output sine_unit/mul2/pipe_mul2/multOp/P[47:0] is not pipelined (PREG=0). Pipelining the DSP48 output will improve performance and often saves power so it is suggested whenever possible to fully pipeline this function.  If this DSP48 function was inferred, it is suggested to describe an additional register stage after this function.  If the DSP48 was instantiated in the design, it is suggested to set the PREG attribute to 1.
Related violations: <none>

DPOP-1#22 Warning
PREG Output pipelining  
DSP sine_unit/mul2/pipe_mul2/multOp__0 output sine_unit/mul2/pipe_mul2/multOp__0/P[47:0] is not pipelined (PREG=0). Pipelining the DSP48 output will improve performance and often saves power so it is suggested whenever possible to fully pipeline this function.  If this DSP48 function was inferred, it is suggested to describe an additional register stage after this function.  If the DSP48 was instantiated in the design, it is suggested to set the PREG attribute to 1.
Related violations: <none>

DPOP-1#23 Warning
PREG Output pipelining  
DSP sine_unit/mul2/pipe_mul2/multOp__1 output sine_unit/mul2/pipe_mul2/multOp__1/P[47:0] is not pipelined (PREG=0). Pipelining the DSP48 output will improve performance and often saves power so it is suggested whenever possible to fully pipeline this function.  If this DSP48 function was inferred, it is suggested to describe an additional register stage after this function.  If the DSP48 was instantiated in the design, it is suggested to set the PREG attribute to 1.
Related violations: <none>

DPOP-1#24 Warning
PREG Output pipelining  
DSP sine_unit/mul2/pipe_mul2/multOp__2 output sine_unit/mul2/pipe_mul2/multOp__2/P[47:0] is not pipelined (PREG=0). Pipelining the DSP48 output will improve performance and often saves power so it is suggested whenever possible to fully pipeline this function.  If this DSP48 function was inferred, it is suggested to describe an additional register stage after this function.  If the DSP48 was instantiated in the design, it is suggested to set the PREG attribute to 1.
Related violations: <none>

DPOP-1#25 Warning
PREG Output pipelining  
DSP sine_unit/mul2/pipe_mul3/multOp output sine_unit/mul2/pipe_mul3/multOp/P[47:0] is not pipelined (PREG=0). Pipelining the DSP48 output will improve performance and often saves power so it is suggested whenever possible to fully pipeline this function.  If this DSP48 function was inferred, it is suggested to describe an additional register stage after this function.  If the DSP48 was instantiated in the design, it is suggested to set the PREG attribute to 1.
Related violations: <none>

DPOP-1#26 Warning
PREG Output pipelining  
DSP sine_unit/mul2/pipe_mul3/multOp__0 output sine_unit/mul2/pipe_mul3/multOp__0/P[47:0] is not pipelined (PREG=0). Pipelining the DSP48 output will improve performance and often saves power so it is suggested whenever possible to fully pipeline this function.  If this DSP48 function was inferred, it is suggested to describe an additional register stage after this function.  If the DSP48 was instantiated in the design, it is suggested to set the PREG attribute to 1.
Related violations: <none>

DPOP-1#27 Warning
PREG Output pipelining  
DSP sine_unit/mul2/pipe_mul3/multOp__1 output sine_unit/mul2/pipe_mul3/multOp__1/P[47:0] is not pipelined (PREG=0). Pipelining the DSP48 output will improve performance and often saves power so it is suggested whenever possible to fully pipeline this function.  If this DSP48 function was inferred, it is suggested to describe an additional register stage after this function.  If the DSP48 was instantiated in the design, it is suggested to set the PREG attribute to 1.
Related violations: <none>

DPOP-1#28 Warning
PREG Output pipelining  
DSP sine_unit/mul2/pipe_mul3/multOp__2 output sine_unit/mul2/pipe_mul3/multOp__2/P[47:0] is not pipelined (PREG=0). Pipelining the DSP48 output will improve performance and often saves power so it is suggested whenever possible to fully pipeline this function.  If this DSP48 function was inferred, it is suggested to describe an additional register stage after this function.  If the DSP48 was instantiated in the design, it is suggested to set the PREG attribute to 1.
Related violations: <none>

DPOP-1#29 Warning
PREG Output pipelining  
DSP sine_unit/mul2/pipe_mul4/multOp output sine_unit/mul2/pipe_mul4/multOp/P[47:0] is not pipelined (PREG=0). Pipelining the DSP48 output will improve performance and often saves power so it is suggested whenever possible to fully pipeline this function.  If this DSP48 function was inferred, it is suggested to describe an additional register stage after this function.  If the DSP48 was instantiated in the design, it is suggested to set the PREG attribute to 1.
Related violations: <none>

DPOP-1#30 Warning
PREG Output pipelining  
DSP sine_unit/mul2/pipe_mul4/multOp__0 output sine_unit/mul2/pipe_mul4/multOp__0/P[47:0] is not pipelined (PREG=0). Pipelining the DSP48 output will improve performance and often saves power so it is suggested whenever possible to fully pipeline this function.  If this DSP48 function was inferred, it is suggested to describe an additional register stage after this function.  If the DSP48 was instantiated in the design, it is suggested to set the PREG attribute to 1.
Related violations: <none>

DPOP-1#31 Warning
PREG Output pipelining  
DSP sine_unit/mul2/pipe_mul4/multOp__1 output sine_unit/mul2/pipe_mul4/multOp__1/P[47:0] is not pipelined (PREG=0). Pipelining the DSP48 output will improve performance and often saves power so it is suggested whenever possible to fully pipeline this function.  If this DSP48 function was inferred, it is suggested to describe an additional register stage after this function.  If the DSP48 was instantiated in the design, it is suggested to set the PREG attribute to 1.
Related violations: <none>

DPOP-1#32 Warning
PREG Output pipelining  
DSP sine_unit/mul2/pipe_mul4/multOp__2 output sine_unit/mul2/pipe_mul4/multOp__2/P[47:0] is not pipelined (PREG=0). Pipelining the DSP48 output will improve performance and often saves power so it is suggested whenever possible to fully pipeline this function.  If this DSP48 function was inferred, it is suggested to describe an additional register stage after this function.  If the DSP48 was instantiated in the design, it is suggested to set the PREG attribute to 1.
Related violations: <none>

DPOP-1#33 Warning
PREG Output pipelining  
DSP sine_unit/mul3/pipe_mul1/multOp output sine_unit/mul3/pipe_mul1/multOp/P[47:0] is not pipelined (PREG=0). Pipelining the DSP48 output will improve performance and often saves power so it is suggested whenever possible to fully pipeline this function.  If this DSP48 function was inferred, it is suggested to describe an additional register stage after this function.  If the DSP48 was instantiated in the design, it is suggested to set the PREG attribute to 1.
Related violations: <none>

DPOP-1#34 Warning
PREG Output pipelining  
DSP sine_unit/mul3/pipe_mul1/multOp__0 output sine_unit/mul3/pipe_mul1/multOp__0/P[47:0] is not pipelined (PREG=0). Pipelining the DSP48 output will improve performance and often saves power so it is suggested whenever possible to fully pipeline this function.  If this DSP48 function was inferred, it is suggested to describe an additional register stage after this function.  If the DSP48 was instantiated in the design, it is suggested to set the PREG attribute to 1.
Related violations: <none>

DPOP-1#35 Warning
PREG Output pipelining  
DSP sine_unit/mul3/pipe_mul1/multOp__1 output sine_unit/mul3/pipe_mul1/multOp__1/P[47:0] is not pipelined (PREG=0). Pipelining the DSP48 output will improve performance and often saves power so it is suggested whenever possible to fully pipeline this function.  If this DSP48 function was inferred, it is suggested to describe an additional register stage after this function.  If the DSP48 was instantiated in the design, it is suggested to set the PREG attribute to 1.
Related violations: <none>

DPOP-1#36 Warning
PREG Output pipelining  
DSP sine_unit/mul3/pipe_mul1/multOp__2 output sine_unit/mul3/pipe_mul1/multOp__2/P[47:0] is not pipelined (PREG=0). Pipelining the DSP48 output will improve performance and often saves power so it is suggested whenever possible to fully pipeline this function.  If this DSP48 function was inferred, it is suggested to describe an additional register stage after this function.  If the DSP48 was instantiated in the design, it is suggested to set the PREG attribute to 1.
Related violations: <none>

DPOP-1#37 Warning
PREG Output pipelining  
DSP sine_unit/mul3/pipe_mul2/multOp output sine_unit/mul3/pipe_mul2/multOp/P[47:0] is not pipelined (PREG=0). Pipelining the DSP48 output will improve performance and often saves power so it is suggested whenever possible to fully pipeline this function.  If this DSP48 function was inferred, it is suggested to describe an additional register stage after this function.  If the DSP48 was instantiated in the design, it is suggested to set the PREG attribute to 1.
Related violations: <none>

DPOP-1#38 Warning
PREG Output pipelining  
DSP sine_unit/mul3/pipe_mul2/multOp__0 output sine_unit/mul3/pipe_mul2/multOp__0/P[47:0] is not pipelined (PREG=0). Pipelining the DSP48 output will improve performance and often saves power so it is suggested whenever possible to fully pipeline this function.  If this DSP48 function was inferred, it is suggested to describe an additional register stage after this function.  If the DSP48 was instantiated in the design, it is suggested to set the PREG attribute to 1.
Related violations: <none>

DPOP-1#39 Warning
PREG Output pipelining  
DSP sine_unit/mul3/pipe_mul2/multOp__1 output sine_unit/mul3/pipe_mul2/multOp__1/P[47:0] is not pipelined (PREG=0). Pipelining the DSP48 output will improve performance and often saves power so it is suggested whenever possible to fully pipeline this function.  If this DSP48 function was inferred, it is suggested to describe an additional register stage after this function.  If the DSP48 was instantiated in the design, it is suggested to set the PREG attribute to 1.
Related violations: <none>

DPOP-1#40 Warning
PREG Output pipelining  
DSP sine_unit/mul3/pipe_mul2/multOp__2 output sine_unit/mul3/pipe_mul2/multOp__2/P[47:0] is not pipelined (PREG=0). Pipelining the DSP48 output will improve performance and often saves power so it is suggested whenever possible to fully pipeline this function.  If this DSP48 function was inferred, it is suggested to describe an additional register stage after this function.  If the DSP48 was instantiated in the design, it is suggested to set the PREG attribute to 1.
Related violations: <none>

DPOP-1#41 Warning
PREG Output pipelining  
DSP sine_unit/mul3/pipe_mul3/multOp output sine_unit/mul3/pipe_mul3/multOp/P[47:0] is not pipelined (PREG=0). Pipelining the DSP48 output will improve performance and often saves power so it is suggested whenever possible to fully pipeline this function.  If this DSP48 function was inferred, it is suggested to describe an additional register stage after this function.  If the DSP48 was instantiated in the design, it is suggested to set the PREG attribute to 1.
Related violations: <none>

DPOP-1#42 Warning
PREG Output pipelining  
DSP sine_unit/mul3/pipe_mul3/multOp__0 output sine_unit/mul3/pipe_mul3/multOp__0/P[47:0] is not pipelined (PREG=0). Pipelining the DSP48 output will improve performance and often saves power so it is suggested whenever possible to fully pipeline this function.  If this DSP48 function was inferred, it is suggested to describe an additional register stage after this function.  If the DSP48 was instantiated in the design, it is suggested to set the PREG attribute to 1.
Related violations: <none>

DPOP-1#43 Warning
PREG Output pipelining  
DSP sine_unit/mul3/pipe_mul3/multOp__1 output sine_unit/mul3/pipe_mul3/multOp__1/P[47:0] is not pipelined (PREG=0). Pipelining the DSP48 output will improve performance and often saves power so it is suggested whenever possible to fully pipeline this function.  If this DSP48 function was inferred, it is suggested to describe an additional register stage after this function.  If the DSP48 was instantiated in the design, it is suggested to set the PREG attribute to 1.
Related violations: <none>

DPOP-1#44 Warning
PREG Output pipelining  
DSP sine_unit/mul3/pipe_mul3/multOp__2 output sine_unit/mul3/pipe_mul3/multOp__2/P[47:0] is not pipelined (PREG=0). Pipelining the DSP48 output will improve performance and often saves power so it is suggested whenever possible to fully pipeline this function.  If this DSP48 function was inferred, it is suggested to describe an additional register stage after this function.  If the DSP48 was instantiated in the design, it is suggested to set the PREG attribute to 1.
Related violations: <none>

DPOP-1#45 Warning
PREG Output pipelining  
DSP sine_unit/mul3/pipe_mul4/multOp output sine_unit/mul3/pipe_mul4/multOp/P[47:0] is not pipelined (PREG=0). Pipelining the DSP48 output will improve performance and often saves power so it is suggested whenever possible to fully pipeline this function.  If this DSP48 function was inferred, it is suggested to describe an additional register stage after this function.  If the DSP48 was instantiated in the design, it is suggested to set the PREG attribute to 1.
Related violations: <none>

DPOP-1#46 Warning
PREG Output pipelining  
DSP sine_unit/mul3/pipe_mul4/multOp__0 output sine_unit/mul3/pipe_mul4/multOp__0/P[47:0] is not pipelined (PREG=0). Pipelining the DSP48 output will improve performance and often saves power so it is suggested whenever possible to fully pipeline this function.  If this DSP48 function was inferred, it is suggested to describe an additional register stage after this function.  If the DSP48 was instantiated in the design, it is suggested to set the PREG attribute to 1.
Related violations: <none>

DPOP-1#47 Warning
PREG Output pipelining  
DSP sine_unit/mul3/pipe_mul4/multOp__1 output sine_unit/mul3/pipe_mul4/multOp__1/P[47:0] is not pipelined (PREG=0). Pipelining the DSP48 output will improve performance and often saves power so it is suggested whenever possible to fully pipeline this function.  If this DSP48 function was inferred, it is suggested to describe an additional register stage after this function.  If the DSP48 was instantiated in the design, it is suggested to set the PREG attribute to 1.
Related violations: <none>

DPOP-1#48 Warning
PREG Output pipelining  
DSP sine_unit/mul3/pipe_mul4/multOp__2 output sine_unit/mul3/pipe_mul4/multOp__2/P[47:0] is not pipelined (PREG=0). Pipelining the DSP48 output will improve performance and often saves power so it is suggested whenever possible to fully pipeline this function.  If this DSP48 function was inferred, it is suggested to describe an additional register stage after this function.  If the DSP48 was instantiated in the design, it is suggested to set the PREG attribute to 1.
Related violations: <none>

DPOP-1#49 Warning
PREG Output pipelining  
DSP sine_unit/myScale/multOp output sine_unit/myScale/multOp/P[47:0] is not pipelined (PREG=0). Pipelining the DSP48 output will improve performance and often saves power so it is suggested whenever possible to fully pipeline this function.  If this DSP48 function was inferred, it is suggested to describe an additional register stage after this function.  If the DSP48 was instantiated in the design, it is suggested to set the PREG attribute to 1.
Related violations: <none>

DPOP-1#50 Warning
PREG Output pipelining  
DSP sine_unit/myScale/multOp__0 output sine_unit/myScale/multOp__0/P[47:0] is not pipelined (PREG=0). Pipelining the DSP48 output will improve performance and often saves power so it is suggested whenever possible to fully pipeline this function.  If this DSP48 function was inferred, it is suggested to describe an additional register stage after this function.  If the DSP48 was instantiated in the design, it is suggested to set the PREG attribute to 1.
Related violations: <none>

DPOP-1#51 Warning
PREG Output pipelining  
DSP sine_unit/myScale/multOp__1 output sine_unit/myScale/multOp__1/P[47:0] is not pipelined (PREG=0). Pipelining the DSP48 output will improve performance and often saves power so it is suggested whenever possible to fully pipeline this function.  If this DSP48 function was inferred, it is suggested to describe an additional register stage after this function.  If the DSP48 was instantiated in the design, it is suggested to set the PREG attribute to 1.
Related violations: <none>

DPOP-1#52 Warning
PREG Output pipelining  
DSP sine_unit/myScale/multOp__2 output sine_unit/myScale/multOp__2/P[47:0] is not pipelined (PREG=0). Pipelining the DSP48 output will improve performance and often saves power so it is suggested whenever possible to fully pipeline this function.  If this DSP48 function was inferred, it is suggested to describe an additional register stage after this function.  If the DSP48 was instantiated in the design, it is suggested to set the PREG attribute to 1.
Related violations: <none>

DPOP-2#1 Warning
MREG Output pipelining  
DSP sine_unit/mul1/pipe_mul1/multOp multiplier stage sine_unit/mul1/pipe_mul1/multOp/P[47:0] is not pipelined (MREG=0). Pipelining the multiplier function will improve performance and will save significant power so it is suggested whenever possible to fully pipeline this function.  If this multiplier was inferred, it is suggested to describe an additional register stage after this function.  If there is no registered adder/accumulator following the multiply function, two pipeline stages are suggested to allow both the MREG and PREG registers to be used.  If the DSP48 was instantiated in the design, it is suggested to set both the MREG and PREG attributes to 1 when performing multiply functions.
Related violations: <none>

DPOP-2#2 Warning
MREG Output pipelining  
DSP sine_unit/mul1/pipe_mul1/multOp__0 multiplier stage sine_unit/mul1/pipe_mul1/multOp__0/P[47:0] is not pipelined (MREG=0). Pipelining the multiplier function will improve performance and will save significant power so it is suggested whenever possible to fully pipeline this function.  If this multiplier was inferred, it is suggested to describe an additional register stage after this function.  If there is no registered adder/accumulator following the multiply function, two pipeline stages are suggested to allow both the MREG and PREG registers to be used.  If the DSP48 was instantiated in the design, it is suggested to set both the MREG and PREG attributes to 1 when performing multiply functions.
Related violations: <none>

DPOP-2#3 Warning
MREG Output pipelining  
DSP sine_unit/mul1/pipe_mul1/multOp__1 multiplier stage sine_unit/mul1/pipe_mul1/multOp__1/P[47:0] is not pipelined (MREG=0). Pipelining the multiplier function will improve performance and will save significant power so it is suggested whenever possible to fully pipeline this function.  If this multiplier was inferred, it is suggested to describe an additional register stage after this function.  If there is no registered adder/accumulator following the multiply function, two pipeline stages are suggested to allow both the MREG and PREG registers to be used.  If the DSP48 was instantiated in the design, it is suggested to set both the MREG and PREG attributes to 1 when performing multiply functions.
Related violations: <none>

DPOP-2#4 Warning
MREG Output pipelining  
DSP sine_unit/mul1/pipe_mul1/multOp__2 multiplier stage sine_unit/mul1/pipe_mul1/multOp__2/P[47:0] is not pipelined (MREG=0). Pipelining the multiplier function will improve performance and will save significant power so it is suggested whenever possible to fully pipeline this function.  If this multiplier was inferred, it is suggested to describe an additional register stage after this function.  If there is no registered adder/accumulator following the multiply function, two pipeline stages are suggested to allow both the MREG and PREG registers to be used.  If the DSP48 was instantiated in the design, it is suggested to set both the MREG and PREG attributes to 1 when performing multiply functions.
Related violations: <none>

DPOP-2#5 Warning
MREG Output pipelining  
DSP sine_unit/mul1/pipe_mul2/multOp multiplier stage sine_unit/mul1/pipe_mul2/multOp/P[47:0] is not pipelined (MREG=0). Pipelining the multiplier function will improve performance and will save significant power so it is suggested whenever possible to fully pipeline this function.  If this multiplier was inferred, it is suggested to describe an additional register stage after this function.  If there is no registered adder/accumulator following the multiply function, two pipeline stages are suggested to allow both the MREG and PREG registers to be used.  If the DSP48 was instantiated in the design, it is suggested to set both the MREG and PREG attributes to 1 when performing multiply functions.
Related violations: <none>

DPOP-2#6 Warning
MREG Output pipelining  
DSP sine_unit/mul1/pipe_mul2/multOp__0 multiplier stage sine_unit/mul1/pipe_mul2/multOp__0/P[47:0] is not pipelined (MREG=0). Pipelining the multiplier function will improve performance and will save significant power so it is suggested whenever possible to fully pipeline this function.  If this multiplier was inferred, it is suggested to describe an additional register stage after this function.  If there is no registered adder/accumulator following the multiply function, two pipeline stages are suggested to allow both the MREG and PREG registers to be used.  If the DSP48 was instantiated in the design, it is suggested to set both the MREG and PREG attributes to 1 when performing multiply functions.
Related violations: <none>

DPOP-2#7 Warning
MREG Output pipelining  
DSP sine_unit/mul1/pipe_mul2/multOp__1 multiplier stage sine_unit/mul1/pipe_mul2/multOp__1/P[47:0] is not pipelined (MREG=0). Pipelining the multiplier function will improve performance and will save significant power so it is suggested whenever possible to fully pipeline this function.  If this multiplier was inferred, it is suggested to describe an additional register stage after this function.  If there is no registered adder/accumulator following the multiply function, two pipeline stages are suggested to allow both the MREG and PREG registers to be used.  If the DSP48 was instantiated in the design, it is suggested to set both the MREG and PREG attributes to 1 when performing multiply functions.
Related violations: <none>

DPOP-2#8 Warning
MREG Output pipelining  
DSP sine_unit/mul1/pipe_mul2/multOp__2 multiplier stage sine_unit/mul1/pipe_mul2/multOp__2/P[47:0] is not pipelined (MREG=0). Pipelining the multiplier function will improve performance and will save significant power so it is suggested whenever possible to fully pipeline this function.  If this multiplier was inferred, it is suggested to describe an additional register stage after this function.  If there is no registered adder/accumulator following the multiply function, two pipeline stages are suggested to allow both the MREG and PREG registers to be used.  If the DSP48 was instantiated in the design, it is suggested to set both the MREG and PREG attributes to 1 when performing multiply functions.
Related violations: <none>

DPOP-2#9 Warning
MREG Output pipelining  
DSP sine_unit/mul1/pipe_mul3/multOp multiplier stage sine_unit/mul1/pipe_mul3/multOp/P[47:0] is not pipelined (MREG=0). Pipelining the multiplier function will improve performance and will save significant power so it is suggested whenever possible to fully pipeline this function.  If this multiplier was inferred, it is suggested to describe an additional register stage after this function.  If there is no registered adder/accumulator following the multiply function, two pipeline stages are suggested to allow both the MREG and PREG registers to be used.  If the DSP48 was instantiated in the design, it is suggested to set both the MREG and PREG attributes to 1 when performing multiply functions.
Related violations: <none>

DPOP-2#10 Warning
MREG Output pipelining  
DSP sine_unit/mul1/pipe_mul3/multOp__0 multiplier stage sine_unit/mul1/pipe_mul3/multOp__0/P[47:0] is not pipelined (MREG=0). Pipelining the multiplier function will improve performance and will save significant power so it is suggested whenever possible to fully pipeline this function.  If this multiplier was inferred, it is suggested to describe an additional register stage after this function.  If there is no registered adder/accumulator following the multiply function, two pipeline stages are suggested to allow both the MREG and PREG registers to be used.  If the DSP48 was instantiated in the design, it is suggested to set both the MREG and PREG attributes to 1 when performing multiply functions.
Related violations: <none>

DPOP-2#11 Warning
MREG Output pipelining  
DSP sine_unit/mul1/pipe_mul3/multOp__1 multiplier stage sine_unit/mul1/pipe_mul3/multOp__1/P[47:0] is not pipelined (MREG=0). Pipelining the multiplier function will improve performance and will save significant power so it is suggested whenever possible to fully pipeline this function.  If this multiplier was inferred, it is suggested to describe an additional register stage after this function.  If there is no registered adder/accumulator following the multiply function, two pipeline stages are suggested to allow both the MREG and PREG registers to be used.  If the DSP48 was instantiated in the design, it is suggested to set both the MREG and PREG attributes to 1 when performing multiply functions.
Related violations: <none>

DPOP-2#12 Warning
MREG Output pipelining  
DSP sine_unit/mul1/pipe_mul3/multOp__2 multiplier stage sine_unit/mul1/pipe_mul3/multOp__2/P[47:0] is not pipelined (MREG=0). Pipelining the multiplier function will improve performance and will save significant power so it is suggested whenever possible to fully pipeline this function.  If this multiplier was inferred, it is suggested to describe an additional register stage after this function.  If there is no registered adder/accumulator following the multiply function, two pipeline stages are suggested to allow both the MREG and PREG registers to be used.  If the DSP48 was instantiated in the design, it is suggested to set both the MREG and PREG attributes to 1 when performing multiply functions.
Related violations: <none>

DPOP-2#13 Warning
MREG Output pipelining  
DSP sine_unit/mul1/pipe_mul4/multOp multiplier stage sine_unit/mul1/pipe_mul4/multOp/P[47:0] is not pipelined (MREG=0). Pipelining the multiplier function will improve performance and will save significant power so it is suggested whenever possible to fully pipeline this function.  If this multiplier was inferred, it is suggested to describe an additional register stage after this function.  If there is no registered adder/accumulator following the multiply function, two pipeline stages are suggested to allow both the MREG and PREG registers to be used.  If the DSP48 was instantiated in the design, it is suggested to set both the MREG and PREG attributes to 1 when performing multiply functions.
Related violations: <none>

DPOP-2#14 Warning
MREG Output pipelining  
DSP sine_unit/mul1/pipe_mul4/multOp__0 multiplier stage sine_unit/mul1/pipe_mul4/multOp__0/P[47:0] is not pipelined (MREG=0). Pipelining the multiplier function will improve performance and will save significant power so it is suggested whenever possible to fully pipeline this function.  If this multiplier was inferred, it is suggested to describe an additional register stage after this function.  If there is no registered adder/accumulator following the multiply function, two pipeline stages are suggested to allow both the MREG and PREG registers to be used.  If the DSP48 was instantiated in the design, it is suggested to set both the MREG and PREG attributes to 1 when performing multiply functions.
Related violations: <none>

DPOP-2#15 Warning
MREG Output pipelining  
DSP sine_unit/mul1/pipe_mul4/multOp__1 multiplier stage sine_unit/mul1/pipe_mul4/multOp__1/P[47:0] is not pipelined (MREG=0). Pipelining the multiplier function will improve performance and will save significant power so it is suggested whenever possible to fully pipeline this function.  If this multiplier was inferred, it is suggested to describe an additional register stage after this function.  If there is no registered adder/accumulator following the multiply function, two pipeline stages are suggested to allow both the MREG and PREG registers to be used.  If the DSP48 was instantiated in the design, it is suggested to set both the MREG and PREG attributes to 1 when performing multiply functions.
Related violations: <none>

DPOP-2#16 Warning
MREG Output pipelining  
DSP sine_unit/mul1/pipe_mul4/multOp__2 multiplier stage sine_unit/mul1/pipe_mul4/multOp__2/P[47:0] is not pipelined (MREG=0). Pipelining the multiplier function will improve performance and will save significant power so it is suggested whenever possible to fully pipeline this function.  If this multiplier was inferred, it is suggested to describe an additional register stage after this function.  If there is no registered adder/accumulator following the multiply function, two pipeline stages are suggested to allow both the MREG and PREG registers to be used.  If the DSP48 was instantiated in the design, it is suggested to set both the MREG and PREG attributes to 1 when performing multiply functions.
Related violations: <none>

DPOP-2#17 Warning
MREG Output pipelining  
DSP sine_unit/mul2/pipe_mul1/multOp multiplier stage sine_unit/mul2/pipe_mul1/multOp/P[47:0] is not pipelined (MREG=0). Pipelining the multiplier function will improve performance and will save significant power so it is suggested whenever possible to fully pipeline this function.  If this multiplier was inferred, it is suggested to describe an additional register stage after this function.  If there is no registered adder/accumulator following the multiply function, two pipeline stages are suggested to allow both the MREG and PREG registers to be used.  If the DSP48 was instantiated in the design, it is suggested to set both the MREG and PREG attributes to 1 when performing multiply functions.
Related violations: <none>

DPOP-2#18 Warning
MREG Output pipelining  
DSP sine_unit/mul2/pipe_mul1/multOp__0 multiplier stage sine_unit/mul2/pipe_mul1/multOp__0/P[47:0] is not pipelined (MREG=0). Pipelining the multiplier function will improve performance and will save significant power so it is suggested whenever possible to fully pipeline this function.  If this multiplier was inferred, it is suggested to describe an additional register stage after this function.  If there is no registered adder/accumulator following the multiply function, two pipeline stages are suggested to allow both the MREG and PREG registers to be used.  If the DSP48 was instantiated in the design, it is suggested to set both the MREG and PREG attributes to 1 when performing multiply functions.
Related violations: <none>

DPOP-2#19 Warning
MREG Output pipelining  
DSP sine_unit/mul2/pipe_mul1/multOp__1 multiplier stage sine_unit/mul2/pipe_mul1/multOp__1/P[47:0] is not pipelined (MREG=0). Pipelining the multiplier function will improve performance and will save significant power so it is suggested whenever possible to fully pipeline this function.  If this multiplier was inferred, it is suggested to describe an additional register stage after this function.  If there is no registered adder/accumulator following the multiply function, two pipeline stages are suggested to allow both the MREG and PREG registers to be used.  If the DSP48 was instantiated in the design, it is suggested to set both the MREG and PREG attributes to 1 when performing multiply functions.
Related violations: <none>

DPOP-2#20 Warning
MREG Output pipelining  
DSP sine_unit/mul2/pipe_mul1/multOp__2 multiplier stage sine_unit/mul2/pipe_mul1/multOp__2/P[47:0] is not pipelined (MREG=0). Pipelining the multiplier function will improve performance and will save significant power so it is suggested whenever possible to fully pipeline this function.  If this multiplier was inferred, it is suggested to describe an additional register stage after this function.  If there is no registered adder/accumulator following the multiply function, two pipeline stages are suggested to allow both the MREG and PREG registers to be used.  If the DSP48 was instantiated in the design, it is suggested to set both the MREG and PREG attributes to 1 when performing multiply functions.
Related violations: <none>

DPOP-2#21 Warning
MREG Output pipelining  
DSP sine_unit/mul2/pipe_mul2/multOp multiplier stage sine_unit/mul2/pipe_mul2/multOp/P[47:0] is not pipelined (MREG=0). Pipelining the multiplier function will improve performance and will save significant power so it is suggested whenever possible to fully pipeline this function.  If this multiplier was inferred, it is suggested to describe an additional register stage after this function.  If there is no registered adder/accumulator following the multiply function, two pipeline stages are suggested to allow both the MREG and PREG registers to be used.  If the DSP48 was instantiated in the design, it is suggested to set both the MREG and PREG attributes to 1 when performing multiply functions.
Related violations: <none>

DPOP-2#22 Warning
MREG Output pipelining  
DSP sine_unit/mul2/pipe_mul2/multOp__0 multiplier stage sine_unit/mul2/pipe_mul2/multOp__0/P[47:0] is not pipelined (MREG=0). Pipelining the multiplier function will improve performance and will save significant power so it is suggested whenever possible to fully pipeline this function.  If this multiplier was inferred, it is suggested to describe an additional register stage after this function.  If there is no registered adder/accumulator following the multiply function, two pipeline stages are suggested to allow both the MREG and PREG registers to be used.  If the DSP48 was instantiated in the design, it is suggested to set both the MREG and PREG attributes to 1 when performing multiply functions.
Related violations: <none>

DPOP-2#23 Warning
MREG Output pipelining  
DSP sine_unit/mul2/pipe_mul2/multOp__1 multiplier stage sine_unit/mul2/pipe_mul2/multOp__1/P[47:0] is not pipelined (MREG=0). Pipelining the multiplier function will improve performance and will save significant power so it is suggested whenever possible to fully pipeline this function.  If this multiplier was inferred, it is suggested to describe an additional register stage after this function.  If there is no registered adder/accumulator following the multiply function, two pipeline stages are suggested to allow both the MREG and PREG registers to be used.  If the DSP48 was instantiated in the design, it is suggested to set both the MREG and PREG attributes to 1 when performing multiply functions.
Related violations: <none>

DPOP-2#24 Warning
MREG Output pipelining  
DSP sine_unit/mul2/pipe_mul2/multOp__2 multiplier stage sine_unit/mul2/pipe_mul2/multOp__2/P[47:0] is not pipelined (MREG=0). Pipelining the multiplier function will improve performance and will save significant power so it is suggested whenever possible to fully pipeline this function.  If this multiplier was inferred, it is suggested to describe an additional register stage after this function.  If there is no registered adder/accumulator following the multiply function, two pipeline stages are suggested to allow both the MREG and PREG registers to be used.  If the DSP48 was instantiated in the design, it is suggested to set both the MREG and PREG attributes to 1 when performing multiply functions.
Related violations: <none>

DPOP-2#25 Warning
MREG Output pipelining  
DSP sine_unit/mul2/pipe_mul3/multOp multiplier stage sine_unit/mul2/pipe_mul3/multOp/P[47:0] is not pipelined (MREG=0). Pipelining the multiplier function will improve performance and will save significant power so it is suggested whenever possible to fully pipeline this function.  If this multiplier was inferred, it is suggested to describe an additional register stage after this function.  If there is no registered adder/accumulator following the multiply function, two pipeline stages are suggested to allow both the MREG and PREG registers to be used.  If the DSP48 was instantiated in the design, it is suggested to set both the MREG and PREG attributes to 1 when performing multiply functions.
Related violations: <none>

DPOP-2#26 Warning
MREG Output pipelining  
DSP sine_unit/mul2/pipe_mul3/multOp__0 multiplier stage sine_unit/mul2/pipe_mul3/multOp__0/P[47:0] is not pipelined (MREG=0). Pipelining the multiplier function will improve performance and will save significant power so it is suggested whenever possible to fully pipeline this function.  If this multiplier was inferred, it is suggested to describe an additional register stage after this function.  If there is no registered adder/accumulator following the multiply function, two pipeline stages are suggested to allow both the MREG and PREG registers to be used.  If the DSP48 was instantiated in the design, it is suggested to set both the MREG and PREG attributes to 1 when performing multiply functions.
Related violations: <none>

DPOP-2#27 Warning
MREG Output pipelining  
DSP sine_unit/mul2/pipe_mul3/multOp__1 multiplier stage sine_unit/mul2/pipe_mul3/multOp__1/P[47:0] is not pipelined (MREG=0). Pipelining the multiplier function will improve performance and will save significant power so it is suggested whenever possible to fully pipeline this function.  If this multiplier was inferred, it is suggested to describe an additional register stage after this function.  If there is no registered adder/accumulator following the multiply function, two pipeline stages are suggested to allow both the MREG and PREG registers to be used.  If the DSP48 was instantiated in the design, it is suggested to set both the MREG and PREG attributes to 1 when performing multiply functions.
Related violations: <none>

DPOP-2#28 Warning
MREG Output pipelining  
DSP sine_unit/mul2/pipe_mul3/multOp__2 multiplier stage sine_unit/mul2/pipe_mul3/multOp__2/P[47:0] is not pipelined (MREG=0). Pipelining the multiplier function will improve performance and will save significant power so it is suggested whenever possible to fully pipeline this function.  If this multiplier was inferred, it is suggested to describe an additional register stage after this function.  If there is no registered adder/accumulator following the multiply function, two pipeline stages are suggested to allow both the MREG and PREG registers to be used.  If the DSP48 was instantiated in the design, it is suggested to set both the MREG and PREG attributes to 1 when performing multiply functions.
Related violations: <none>

DPOP-2#29 Warning
MREG Output pipelining  
DSP sine_unit/mul2/pipe_mul4/multOp multiplier stage sine_unit/mul2/pipe_mul4/multOp/P[47:0] is not pipelined (MREG=0). Pipelining the multiplier function will improve performance and will save significant power so it is suggested whenever possible to fully pipeline this function.  If this multiplier was inferred, it is suggested to describe an additional register stage after this function.  If there is no registered adder/accumulator following the multiply function, two pipeline stages are suggested to allow both the MREG and PREG registers to be used.  If the DSP48 was instantiated in the design, it is suggested to set both the MREG and PREG attributes to 1 when performing multiply functions.
Related violations: <none>

DPOP-2#30 Warning
MREG Output pipelining  
DSP sine_unit/mul2/pipe_mul4/multOp__0 multiplier stage sine_unit/mul2/pipe_mul4/multOp__0/P[47:0] is not pipelined (MREG=0). Pipelining the multiplier function will improve performance and will save significant power so it is suggested whenever possible to fully pipeline this function.  If this multiplier was inferred, it is suggested to describe an additional register stage after this function.  If there is no registered adder/accumulator following the multiply function, two pipeline stages are suggested to allow both the MREG and PREG registers to be used.  If the DSP48 was instantiated in the design, it is suggested to set both the MREG and PREG attributes to 1 when performing multiply functions.
Related violations: <none>

DPOP-2#31 Warning
MREG Output pipelining  
DSP sine_unit/mul2/pipe_mul4/multOp__1 multiplier stage sine_unit/mul2/pipe_mul4/multOp__1/P[47:0] is not pipelined (MREG=0). Pipelining the multiplier function will improve performance and will save significant power so it is suggested whenever possible to fully pipeline this function.  If this multiplier was inferred, it is suggested to describe an additional register stage after this function.  If there is no registered adder/accumulator following the multiply function, two pipeline stages are suggested to allow both the MREG and PREG registers to be used.  If the DSP48 was instantiated in the design, it is suggested to set both the MREG and PREG attributes to 1 when performing multiply functions.
Related violations: <none>

DPOP-2#32 Warning
MREG Output pipelining  
DSP sine_unit/mul2/pipe_mul4/multOp__2 multiplier stage sine_unit/mul2/pipe_mul4/multOp__2/P[47:0] is not pipelined (MREG=0). Pipelining the multiplier function will improve performance and will save significant power so it is suggested whenever possible to fully pipeline this function.  If this multiplier was inferred, it is suggested to describe an additional register stage after this function.  If there is no registered adder/accumulator following the multiply function, two pipeline stages are suggested to allow both the MREG and PREG registers to be used.  If the DSP48 was instantiated in the design, it is suggested to set both the MREG and PREG attributes to 1 when performing multiply functions.
Related violations: <none>

DPOP-2#33 Warning
MREG Output pipelining  
DSP sine_unit/mul3/pipe_mul1/multOp multiplier stage sine_unit/mul3/pipe_mul1/multOp/P[47:0] is not pipelined (MREG=0). Pipelining the multiplier function will improve performance and will save significant power so it is suggested whenever possible to fully pipeline this function.  If this multiplier was inferred, it is suggested to describe an additional register stage after this function.  If there is no registered adder/accumulator following the multiply function, two pipeline stages are suggested to allow both the MREG and PREG registers to be used.  If the DSP48 was instantiated in the design, it is suggested to set both the MREG and PREG attributes to 1 when performing multiply functions.
Related violations: <none>

DPOP-2#34 Warning
MREG Output pipelining  
DSP sine_unit/mul3/pipe_mul1/multOp__0 multiplier stage sine_unit/mul3/pipe_mul1/multOp__0/P[47:0] is not pipelined (MREG=0). Pipelining the multiplier function will improve performance and will save significant power so it is suggested whenever possible to fully pipeline this function.  If this multiplier was inferred, it is suggested to describe an additional register stage after this function.  If there is no registered adder/accumulator following the multiply function, two pipeline stages are suggested to allow both the MREG and PREG registers to be used.  If the DSP48 was instantiated in the design, it is suggested to set both the MREG and PREG attributes to 1 when performing multiply functions.
Related violations: <none>

DPOP-2#35 Warning
MREG Output pipelining  
DSP sine_unit/mul3/pipe_mul1/multOp__1 multiplier stage sine_unit/mul3/pipe_mul1/multOp__1/P[47:0] is not pipelined (MREG=0). Pipelining the multiplier function will improve performance and will save significant power so it is suggested whenever possible to fully pipeline this function.  If this multiplier was inferred, it is suggested to describe an additional register stage after this function.  If there is no registered adder/accumulator following the multiply function, two pipeline stages are suggested to allow both the MREG and PREG registers to be used.  If the DSP48 was instantiated in the design, it is suggested to set both the MREG and PREG attributes to 1 when performing multiply functions.
Related violations: <none>

DPOP-2#36 Warning
MREG Output pipelining  
DSP sine_unit/mul3/pipe_mul1/multOp__2 multiplier stage sine_unit/mul3/pipe_mul1/multOp__2/P[47:0] is not pipelined (MREG=0). Pipelining the multiplier function will improve performance and will save significant power so it is suggested whenever possible to fully pipeline this function.  If this multiplier was inferred, it is suggested to describe an additional register stage after this function.  If there is no registered adder/accumulator following the multiply function, two pipeline stages are suggested to allow both the MREG and PREG registers to be used.  If the DSP48 was instantiated in the design, it is suggested to set both the MREG and PREG attributes to 1 when performing multiply functions.
Related violations: <none>

DPOP-2#37 Warning
MREG Output pipelining  
DSP sine_unit/mul3/pipe_mul2/multOp multiplier stage sine_unit/mul3/pipe_mul2/multOp/P[47:0] is not pipelined (MREG=0). Pipelining the multiplier function will improve performance and will save significant power so it is suggested whenever possible to fully pipeline this function.  If this multiplier was inferred, it is suggested to describe an additional register stage after this function.  If there is no registered adder/accumulator following the multiply function, two pipeline stages are suggested to allow both the MREG and PREG registers to be used.  If the DSP48 was instantiated in the design, it is suggested to set both the MREG and PREG attributes to 1 when performing multiply functions.
Related violations: <none>

DPOP-2#38 Warning
MREG Output pipelining  
DSP sine_unit/mul3/pipe_mul2/multOp__0 multiplier stage sine_unit/mul3/pipe_mul2/multOp__0/P[47:0] is not pipelined (MREG=0). Pipelining the multiplier function will improve performance and will save significant power so it is suggested whenever possible to fully pipeline this function.  If this multiplier was inferred, it is suggested to describe an additional register stage after this function.  If there is no registered adder/accumulator following the multiply function, two pipeline stages are suggested to allow both the MREG and PREG registers to be used.  If the DSP48 was instantiated in the design, it is suggested to set both the MREG and PREG attributes to 1 when performing multiply functions.
Related violations: <none>

DPOP-2#39 Warning
MREG Output pipelining  
DSP sine_unit/mul3/pipe_mul2/multOp__1 multiplier stage sine_unit/mul3/pipe_mul2/multOp__1/P[47:0] is not pipelined (MREG=0). Pipelining the multiplier function will improve performance and will save significant power so it is suggested whenever possible to fully pipeline this function.  If this multiplier was inferred, it is suggested to describe an additional register stage after this function.  If there is no registered adder/accumulator following the multiply function, two pipeline stages are suggested to allow both the MREG and PREG registers to be used.  If the DSP48 was instantiated in the design, it is suggested to set both the MREG and PREG attributes to 1 when performing multiply functions.
Related violations: <none>

DPOP-2#40 Warning
MREG Output pipelining  
DSP sine_unit/mul3/pipe_mul2/multOp__2 multiplier stage sine_unit/mul3/pipe_mul2/multOp__2/P[47:0] is not pipelined (MREG=0). Pipelining the multiplier function will improve performance and will save significant power so it is suggested whenever possible to fully pipeline this function.  If this multiplier was inferred, it is suggested to describe an additional register stage after this function.  If there is no registered adder/accumulator following the multiply function, two pipeline stages are suggested to allow both the MREG and PREG registers to be used.  If the DSP48 was instantiated in the design, it is suggested to set both the MREG and PREG attributes to 1 when performing multiply functions.
Related violations: <none>

DPOP-2#41 Warning
MREG Output pipelining  
DSP sine_unit/mul3/pipe_mul3/multOp multiplier stage sine_unit/mul3/pipe_mul3/multOp/P[47:0] is not pipelined (MREG=0). Pipelining the multiplier function will improve performance and will save significant power so it is suggested whenever possible to fully pipeline this function.  If this multiplier was inferred, it is suggested to describe an additional register stage after this function.  If there is no registered adder/accumulator following the multiply function, two pipeline stages are suggested to allow both the MREG and PREG registers to be used.  If the DSP48 was instantiated in the design, it is suggested to set both the MREG and PREG attributes to 1 when performing multiply functions.
Related violations: <none>

DPOP-2#42 Warning
MREG Output pipelining  
DSP sine_unit/mul3/pipe_mul3/multOp__0 multiplier stage sine_unit/mul3/pipe_mul3/multOp__0/P[47:0] is not pipelined (MREG=0). Pipelining the multiplier function will improve performance and will save significant power so it is suggested whenever possible to fully pipeline this function.  If this multiplier was inferred, it is suggested to describe an additional register stage after this function.  If there is no registered adder/accumulator following the multiply function, two pipeline stages are suggested to allow both the MREG and PREG registers to be used.  If the DSP48 was instantiated in the design, it is suggested to set both the MREG and PREG attributes to 1 when performing multiply functions.
Related violations: <none>

DPOP-2#43 Warning
MREG Output pipelining  
DSP sine_unit/mul3/pipe_mul3/multOp__1 multiplier stage sine_unit/mul3/pipe_mul3/multOp__1/P[47:0] is not pipelined (MREG=0). Pipelining the multiplier function will improve performance and will save significant power so it is suggested whenever possible to fully pipeline this function.  If this multiplier was inferred, it is suggested to describe an additional register stage after this function.  If there is no registered adder/accumulator following the multiply function, two pipeline stages are suggested to allow both the MREG and PREG registers to be used.  If the DSP48 was instantiated in the design, it is suggested to set both the MREG and PREG attributes to 1 when performing multiply functions.
Related violations: <none>

DPOP-2#44 Warning
MREG Output pipelining  
DSP sine_unit/mul3/pipe_mul3/multOp__2 multiplier stage sine_unit/mul3/pipe_mul3/multOp__2/P[47:0] is not pipelined (MREG=0). Pipelining the multiplier function will improve performance and will save significant power so it is suggested whenever possible to fully pipeline this function.  If this multiplier was inferred, it is suggested to describe an additional register stage after this function.  If there is no registered adder/accumulator following the multiply function, two pipeline stages are suggested to allow both the MREG and PREG registers to be used.  If the DSP48 was instantiated in the design, it is suggested to set both the MREG and PREG attributes to 1 when performing multiply functions.
Related violations: <none>

DPOP-2#45 Warning
MREG Output pipelining  
DSP sine_unit/mul3/pipe_mul4/multOp multiplier stage sine_unit/mul3/pipe_mul4/multOp/P[47:0] is not pipelined (MREG=0). Pipelining the multiplier function will improve performance and will save significant power so it is suggested whenever possible to fully pipeline this function.  If this multiplier was inferred, it is suggested to describe an additional register stage after this function.  If there is no registered adder/accumulator following the multiply function, two pipeline stages are suggested to allow both the MREG and PREG registers to be used.  If the DSP48 was instantiated in the design, it is suggested to set both the MREG and PREG attributes to 1 when performing multiply functions.
Related violations: <none>

DPOP-2#46 Warning
MREG Output pipelining  
DSP sine_unit/mul3/pipe_mul4/multOp__0 multiplier stage sine_unit/mul3/pipe_mul4/multOp__0/P[47:0] is not pipelined (MREG=0). Pipelining the multiplier function will improve performance and will save significant power so it is suggested whenever possible to fully pipeline this function.  If this multiplier was inferred, it is suggested to describe an additional register stage after this function.  If there is no registered adder/accumulator following the multiply function, two pipeline stages are suggested to allow both the MREG and PREG registers to be used.  If the DSP48 was instantiated in the design, it is suggested to set both the MREG and PREG attributes to 1 when performing multiply functions.
Related violations: <none>

DPOP-2#47 Warning
MREG Output pipelining  
DSP sine_unit/mul3/pipe_mul4/multOp__1 multiplier stage sine_unit/mul3/pipe_mul4/multOp__1/P[47:0] is not pipelined (MREG=0). Pipelining the multiplier function will improve performance and will save significant power so it is suggested whenever possible to fully pipeline this function.  If this multiplier was inferred, it is suggested to describe an additional register stage after this function.  If there is no registered adder/accumulator following the multiply function, two pipeline stages are suggested to allow both the MREG and PREG registers to be used.  If the DSP48 was instantiated in the design, it is suggested to set both the MREG and PREG attributes to 1 when performing multiply functions.
Related violations: <none>

DPOP-2#48 Warning
MREG Output pipelining  
DSP sine_unit/mul3/pipe_mul4/multOp__2 multiplier stage sine_unit/mul3/pipe_mul4/multOp__2/P[47:0] is not pipelined (MREG=0). Pipelining the multiplier function will improve performance and will save significant power so it is suggested whenever possible to fully pipeline this function.  If this multiplier was inferred, it is suggested to describe an additional register stage after this function.  If there is no registered adder/accumulator following the multiply function, two pipeline stages are suggested to allow both the MREG and PREG registers to be used.  If the DSP48 was instantiated in the design, it is suggested to set both the MREG and PREG attributes to 1 when performing multiply functions.
Related violations: <none>

DPOP-2#49 Warning
MREG Output pipelining  
DSP sine_unit/myScale/multOp multiplier stage sine_unit/myScale/multOp/P[47:0] is not pipelined (MREG=0). Pipelining the multiplier function will improve performance and will save significant power so it is suggested whenever possible to fully pipeline this function.  If this multiplier was inferred, it is suggested to describe an additional register stage after this function.  If there is no registered adder/accumulator following the multiply function, two pipeline stages are suggested to allow both the MREG and PREG registers to be used.  If the DSP48 was instantiated in the design, it is suggested to set both the MREG and PREG attributes to 1 when performing multiply functions.
Related violations: <none>

DPOP-2#50 Warning
MREG Output pipelining  
DSP sine_unit/myScale/multOp__0 multiplier stage sine_unit/myScale/multOp__0/P[47:0] is not pipelined (MREG=0). Pipelining the multiplier function will improve performance and will save significant power so it is suggested whenever possible to fully pipeline this function.  If this multiplier was inferred, it is suggested to describe an additional register stage after this function.  If there is no registered adder/accumulator following the multiply function, two pipeline stages are suggested to allow both the MREG and PREG registers to be used.  If the DSP48 was instantiated in the design, it is suggested to set both the MREG and PREG attributes to 1 when performing multiply functions.
Related violations: <none>

DPOP-2#51 Warning
MREG Output pipelining  
DSP sine_unit/myScale/multOp__1 multiplier stage sine_unit/myScale/multOp__1/P[47:0] is not pipelined (MREG=0). Pipelining the multiplier function will improve performance and will save significant power so it is suggested whenever possible to fully pipeline this function.  If this multiplier was inferred, it is suggested to describe an additional register stage after this function.  If there is no registered adder/accumulator following the multiply function, two pipeline stages are suggested to allow both the MREG and PREG registers to be used.  If the DSP48 was instantiated in the design, it is suggested to set both the MREG and PREG attributes to 1 when performing multiply functions.
Related violations: <none>

DPOP-2#52 Warning
MREG Output pipelining  
DSP sine_unit/myScale/multOp__2 multiplier stage sine_unit/myScale/multOp__2/P[47:0] is not pipelined (MREG=0). Pipelining the multiplier function will improve performance and will save significant power so it is suggested whenever possible to fully pipeline this function.  If this multiplier was inferred, it is suggested to describe an additional register stage after this function.  If there is no registered adder/accumulator following the multiply function, two pipeline stages are suggested to allow both the MREG and PREG registers to be used.  If the DSP48 was instantiated in the design, it is suggested to set both the MREG and PREG attributes to 1 when performing multiply functions.
Related violations: <none>

PDRC-153#1 Warning
Gated clock check  
Net uart_unit/rx_mem_reg[14]_0 is a gated clock net sourced by a combinational pin uart_unit/flag_reg[1]_LDC_i_1/O, cell uart_unit/flag_reg[1]_LDC_i_1. This is not good design practice and will likely impact performance. For SLICE registers, for example, use the CE pin to control the loading of data.
Related violations: <none>

PDRC-153#2 Warning
Gated clock check  
Net uart_unit/rx_mem_reg[14]_10 is a gated clock net sourced by a combinational pin uart_unit/r_reg_reg[11]_LDC_i_1/O, cell uart_unit/r_reg_reg[11]_LDC_i_1. This is not good design practice and will likely impact performance. For SLICE registers, for example, use the CE pin to control the loading of data.
Related violations: <none>

PDRC-153#3 Warning
Gated clock check  
Net uart_unit/rx_mem_reg[14]_12 is a gated clock net sourced by a combinational pin uart_unit/r_reg_reg[10]_LDC_i_1/O, cell uart_unit/r_reg_reg[10]_LDC_i_1. This is not good design practice and will likely impact performance. For SLICE registers, for example, use the CE pin to control the loading of data.
Related violations: <none>

PDRC-153#4 Warning
Gated clock check  
Net uart_unit/rx_mem_reg[14]_14 is a gated clock net sourced by a combinational pin uart_unit/r_reg_reg[9]_LDC_i_1/O, cell uart_unit/r_reg_reg[9]_LDC_i_1. This is not good design practice and will likely impact performance. For SLICE registers, for example, use the CE pin to control the loading of data.
Related violations: <none>

PDRC-153#5 Warning
Gated clock check  
Net uart_unit/rx_mem_reg[14]_16 is a gated clock net sourced by a combinational pin uart_unit/r_reg_reg[8]_LDC_i_1/O, cell uart_unit/r_reg_reg[8]_LDC_i_1. This is not good design practice and will likely impact performance. For SLICE registers, for example, use the CE pin to control the loading of data.
Related violations: <none>

PDRC-153#6 Warning
Gated clock check  
Net uart_unit/rx_mem_reg[14]_18 is a gated clock net sourced by a combinational pin uart_unit/r_reg_reg[7]_LDC_i_1/O, cell uart_unit/r_reg_reg[7]_LDC_i_1. This is not good design practice and will likely impact performance. For SLICE registers, for example, use the CE pin to control the loading of data.
Related violations: <none>

PDRC-153#7 Warning
Gated clock check  
Net uart_unit/rx_mem_reg[14]_2 is a gated clock net sourced by a combinational pin uart_unit/r_reg_reg[15]_LDC_i_1/O, cell uart_unit/r_reg_reg[15]_LDC_i_1. This is not good design practice and will likely impact performance. For SLICE registers, for example, use the CE pin to control the loading of data.
Related violations: <none>

PDRC-153#8 Warning
Gated clock check  
Net uart_unit/rx_mem_reg[14]_20 is a gated clock net sourced by a combinational pin uart_unit/r_reg_reg[6]_LDC_i_1/O, cell uart_unit/r_reg_reg[6]_LDC_i_1. This is not good design practice and will likely impact performance. For SLICE registers, for example, use the CE pin to control the loading of data.
Related violations: <none>

PDRC-153#9 Warning
Gated clock check  
Net uart_unit/rx_mem_reg[14]_22 is a gated clock net sourced by a combinational pin uart_unit/r_reg_reg[5]_LDC_i_1/O, cell uart_unit/r_reg_reg[5]_LDC_i_1. This is not good design practice and will likely impact performance. For SLICE registers, for example, use the CE pin to control the loading of data.
Related violations: <none>

PDRC-153#10 Warning
Gated clock check  
Net uart_unit/rx_mem_reg[14]_24 is a gated clock net sourced by a combinational pin uart_unit/r_reg_reg[4]_LDC_i_1/O, cell uart_unit/r_reg_reg[4]_LDC_i_1. This is not good design practice and will likely impact performance. For SLICE registers, for example, use the CE pin to control the loading of data.
Related violations: <none>

PDRC-153#11 Warning
Gated clock check  
Net uart_unit/rx_mem_reg[14]_26 is a gated clock net sourced by a combinational pin uart_unit/r_reg_reg[3]_LDC_i_1/O, cell uart_unit/r_reg_reg[3]_LDC_i_1. This is not good design practice and will likely impact performance. For SLICE registers, for example, use the CE pin to control the loading of data.
Related violations: <none>

PDRC-153#12 Warning
Gated clock check  
Net uart_unit/rx_mem_reg[14]_28 is a gated clock net sourced by a combinational pin uart_unit/r_reg_reg[2]_LDC_i_1/O, cell uart_unit/r_reg_reg[2]_LDC_i_1. This is not good design practice and will likely impact performance. For SLICE registers, for example, use the CE pin to control the loading of data.
Related violations: <none>

PDRC-153#13 Warning
Gated clock check  
Net uart_unit/rx_mem_reg[14]_30 is a gated clock net sourced by a combinational pin uart_unit/r_reg_reg[1]_LDC_i_1/O, cell uart_unit/r_reg_reg[1]_LDC_i_1. This is not good design practice and will likely impact performance. For SLICE registers, for example, use the CE pin to control the loading of data.
Related violations: <none>

PDRC-153#14 Warning
Gated clock check  
Net uart_unit/rx_mem_reg[14]_32 is a gated clock net sourced by a combinational pin uart_unit/r_reg_reg[0]_LDC_i_1/O, cell uart_unit/r_reg_reg[0]_LDC_i_1. This is not good design practice and will likely impact performance. For SLICE registers, for example, use the CE pin to control the loading of data.
Related violations: <none>

PDRC-153#15 Warning
Gated clock check  
Net uart_unit/rx_mem_reg[14]_34 is a gated clock net sourced by a combinational pin uart_unit/val_reg[29]_LDC_i_1/O, cell uart_unit/val_reg[29]_LDC_i_1. This is not good design practice and will likely impact performance. For SLICE registers, for example, use the CE pin to control the loading of data.
Related violations: <none>

PDRC-153#16 Warning
Gated clock check  
Net uart_unit/rx_mem_reg[14]_36 is a gated clock net sourced by a combinational pin uart_unit/val_reg[28]_LDC_i_1/O, cell uart_unit/val_reg[28]_LDC_i_1. This is not good design practice and will likely impact performance. For SLICE registers, for example, use the CE pin to control the loading of data.
Related violations: <none>

PDRC-153#17 Warning
Gated clock check  
Net uart_unit/rx_mem_reg[14]_38 is a gated clock net sourced by a combinational pin uart_unit/val_reg[27]_LDC_i_1/O, cell uart_unit/val_reg[27]_LDC_i_1. This is not good design practice and will likely impact performance. For SLICE registers, for example, use the CE pin to control the loading of data.
Related violations: <none>

PDRC-153#18 Warning
Gated clock check  
Net uart_unit/rx_mem_reg[14]_4 is a gated clock net sourced by a combinational pin uart_unit/r_reg_reg[14]_LDC_i_1/O, cell uart_unit/r_reg_reg[14]_LDC_i_1. This is not good design practice and will likely impact performance. For SLICE registers, for example, use the CE pin to control the loading of data.
Related violations: <none>

PDRC-153#19 Warning
Gated clock check  
Net uart_unit/rx_mem_reg[14]_40 is a gated clock net sourced by a combinational pin uart_unit/val_reg[26]_LDC_i_1/O, cell uart_unit/val_reg[26]_LDC_i_1. This is not good design practice and will likely impact performance. For SLICE registers, for example, use the CE pin to control the loading of data.
Related violations: <none>

PDRC-153#20 Warning
Gated clock check  
Net uart_unit/rx_mem_reg[14]_42 is a gated clock net sourced by a combinational pin uart_unit/val_reg[25]_LDC_i_1/O, cell uart_unit/val_reg[25]_LDC_i_1. This is not good design practice and will likely impact performance. For SLICE registers, for example, use the CE pin to control the loading of data.
Related violations: <none>

PDRC-153#21 Warning
Gated clock check  
Net uart_unit/rx_mem_reg[14]_44 is a gated clock net sourced by a combinational pin uart_unit/val_reg[24]_LDC_i_1/O, cell uart_unit/val_reg[24]_LDC_i_1. This is not good design practice and will likely impact performance. For SLICE registers, for example, use the CE pin to control the loading of data.
Related violations: <none>

PDRC-153#22 Warning
Gated clock check  
Net uart_unit/rx_mem_reg[14]_46 is a gated clock net sourced by a combinational pin uart_unit/val_reg[23]_LDC_i_1/O, cell uart_unit/val_reg[23]_LDC_i_1. This is not good design practice and will likely impact performance. For SLICE registers, for example, use the CE pin to control the loading of data.
Related violations: <none>

PDRC-153#23 Warning
Gated clock check  
Net uart_unit/rx_mem_reg[14]_48 is a gated clock net sourced by a combinational pin uart_unit/val_reg[22]_LDC_i_1/O, cell uart_unit/val_reg[22]_LDC_i_1. This is not good design practice and will likely impact performance. For SLICE registers, for example, use the CE pin to control the loading of data.
Related violations: <none>

PDRC-153#24 Warning
Gated clock check  
Net uart_unit/rx_mem_reg[14]_50 is a gated clock net sourced by a combinational pin uart_unit/val_reg[21]_LDC_i_1/O, cell uart_unit/val_reg[21]_LDC_i_1. This is not good design practice and will likely impact performance. For SLICE registers, for example, use the CE pin to control the loading of data.
Related violations: <none>

PDRC-153#25 Warning
Gated clock check  
Net uart_unit/rx_mem_reg[14]_52 is a gated clock net sourced by a combinational pin uart_unit/val_reg[20]_LDC_i_1/O, cell uart_unit/val_reg[20]_LDC_i_1. This is not good design practice and will likely impact performance. For SLICE registers, for example, use the CE pin to control the loading of data.
Related violations: <none>

PDRC-153#26 Warning
Gated clock check  
Net uart_unit/rx_mem_reg[14]_54 is a gated clock net sourced by a combinational pin uart_unit/val_reg[19]_LDC_i_1/O, cell uart_unit/val_reg[19]_LDC_i_1. This is not good design practice and will likely impact performance. For SLICE registers, for example, use the CE pin to control the loading of data.
Related violations: <none>

PDRC-153#27 Warning
Gated clock check  
Net uart_unit/rx_mem_reg[14]_56 is a gated clock net sourced by a combinational pin uart_unit/val_reg[18]_LDC_i_1/O, cell uart_unit/val_reg[18]_LDC_i_1. This is not good design practice and will likely impact performance. For SLICE registers, for example, use the CE pin to control the loading of data.
Related violations: <none>

PDRC-153#28 Warning
Gated clock check  
Net uart_unit/rx_mem_reg[14]_58 is a gated clock net sourced by a combinational pin uart_unit/val_reg[17]_LDC_i_1/O, cell uart_unit/val_reg[17]_LDC_i_1. This is not good design practice and will likely impact performance. For SLICE registers, for example, use the CE pin to control the loading of data.
Related violations: <none>

PDRC-153#29 Warning
Gated clock check  
Net uart_unit/rx_mem_reg[14]_6 is a gated clock net sourced by a combinational pin uart_unit/r_reg_reg[13]_LDC_i_1/O, cell uart_unit/r_reg_reg[13]_LDC_i_1. This is not good design practice and will likely impact performance. For SLICE registers, for example, use the CE pin to control the loading of data.
Related violations: <none>

PDRC-153#30 Warning
Gated clock check  
Net uart_unit/rx_mem_reg[14]_60 is a gated clock net sourced by a combinational pin uart_unit/val_reg[16]_LDC_i_1/O, cell uart_unit/val_reg[16]_LDC_i_1. This is not good design practice and will likely impact performance. For SLICE registers, for example, use the CE pin to control the loading of data.
Related violations: <none>

PDRC-153#31 Warning
Gated clock check  
Net uart_unit/rx_mem_reg[14]_62 is a gated clock net sourced by a combinational pin uart_unit/val_reg[15]_LDC_i_1/O, cell uart_unit/val_reg[15]_LDC_i_1. This is not good design practice and will likely impact performance. For SLICE registers, for example, use the CE pin to control the loading of data.
Related violations: <none>

PDRC-153#32 Warning
Gated clock check  
Net uart_unit/rx_mem_reg[14]_64 is a gated clock net sourced by a combinational pin uart_unit/val_reg[14]_LDC_i_1/O, cell uart_unit/val_reg[14]_LDC_i_1. This is not good design practice and will likely impact performance. For SLICE registers, for example, use the CE pin to control the loading of data.
Related violations: <none>

PDRC-153#33 Warning
Gated clock check  
Net uart_unit/rx_mem_reg[14]_66 is a gated clock net sourced by a combinational pin uart_unit/val_reg[13]_LDC_i_1/O, cell uart_unit/val_reg[13]_LDC_i_1. This is not good design practice and will likely impact performance. For SLICE registers, for example, use the CE pin to control the loading of data.
Related violations: <none>

PDRC-153#34 Warning
Gated clock check  
Net uart_unit/rx_mem_reg[14]_68 is a gated clock net sourced by a combinational pin uart_unit/val_reg[12]_LDC_i_1/O, cell uart_unit/val_reg[12]_LDC_i_1. This is not good design practice and will likely impact performance. For SLICE registers, for example, use the CE pin to control the loading of data.
Related violations: <none>

PDRC-153#35 Warning
Gated clock check  
Net uart_unit/rx_mem_reg[14]_70 is a gated clock net sourced by a combinational pin uart_unit/val_reg[11]_LDC_i_1/O, cell uart_unit/val_reg[11]_LDC_i_1. This is not good design practice and will likely impact performance. For SLICE registers, for example, use the CE pin to control the loading of data.
Related violations: <none>

PDRC-153#36 Warning
Gated clock check  
Net uart_unit/rx_mem_reg[14]_72 is a gated clock net sourced by a combinational pin uart_unit/val_reg[10]_LDC_i_1/O, cell uart_unit/val_reg[10]_LDC_i_1. This is not good design practice and will likely impact performance. For SLICE registers, for example, use the CE pin to control the loading of data.
Related violations: <none>

PDRC-153#37 Warning
Gated clock check  
Net uart_unit/rx_mem_reg[14]_74 is a gated clock net sourced by a combinational pin uart_unit/val_reg[9]_LDC_i_1/O, cell uart_unit/val_reg[9]_LDC_i_1. This is not good design practice and will likely impact performance. For SLICE registers, for example, use the CE pin to control the loading of data.
Related violations: <none>

PDRC-153#38 Warning
Gated clock check  
Net uart_unit/rx_mem_reg[14]_76 is a gated clock net sourced by a combinational pin uart_unit/val_reg[8]_LDC_i_1/O, cell uart_unit/val_reg[8]_LDC_i_1. This is not good design practice and will likely impact performance. For SLICE registers, for example, use the CE pin to control the loading of data.
Related violations: <none>

PDRC-153#39 Warning
Gated clock check  
Net uart_unit/rx_mem_reg[14]_78 is a gated clock net sourced by a combinational pin uart_unit/val_reg[7]_LDC_i_1/O, cell uart_unit/val_reg[7]_LDC_i_1. This is not good design practice and will likely impact performance. For SLICE registers, for example, use the CE pin to control the loading of data.
Related violations: <none>

PDRC-153#40 Warning
Gated clock check  
Net uart_unit/rx_mem_reg[14]_8 is a gated clock net sourced by a combinational pin uart_unit/r_reg_reg[12]_LDC_i_1/O, cell uart_unit/r_reg_reg[12]_LDC_i_1. This is not good design practice and will likely impact performance. For SLICE registers, for example, use the CE pin to control the loading of data.
Related violations: <none>

PDRC-153#41 Warning
Gated clock check  
Net uart_unit/rx_mem_reg[14]_80 is a gated clock net sourced by a combinational pin uart_unit/val_reg[6]_LDC_i_1/O, cell uart_unit/val_reg[6]_LDC_i_1. This is not good design practice and will likely impact performance. For SLICE registers, for example, use the CE pin to control the loading of data.
Related violations: <none>

PDRC-153#42 Warning
Gated clock check  
Net uart_unit/rx_mem_reg[14]_82 is a gated clock net sourced by a combinational pin uart_unit/val_reg[5]_LDC_i_1/O, cell uart_unit/val_reg[5]_LDC_i_1. This is not good design practice and will likely impact performance. For SLICE registers, for example, use the CE pin to control the loading of data.
Related violations: <none>

REQP-1839#1 Warning
RAMB36 async control check  
The RAMB36E1 myBuf/ram_reg_0_0 has an input control pin myBuf/ram_reg_0_0/ADDRARDADDR[10] (net: myBuf/ADDRARDADDR[10]) which is driven by a register (addrGen_reg[10]) that has an active asychronous set or reset. This may cause corruption of the memory contents and/or read values when the set/reset is asserted and is not analyzed by the default static timing analysis. It is suggested to eliminate the use of a set/reset to registers driving this RAMB pin or else use a synchronous reset in which the assertion of the reset is timed by default.
Related violations: <none>

REQP-1839#2 Warning
RAMB36 async control check  
The RAMB36E1 myBuf/ram_reg_0_0 has an input control pin myBuf/ram_reg_0_0/ADDRARDADDR[10] (net: myBuf/ADDRARDADDR[10]) which is driven by a register (uart_unit/tmAddress_reg[12]) that has an active asychronous set or reset. This may cause corruption of the memory contents and/or read values when the set/reset is asserted and is not analyzed by the default static timing analysis. It is suggested to eliminate the use of a set/reset to registers driving this RAMB pin or else use a synchronous reset in which the assertion of the reset is timed by default.
Related violations: <none>

REQP-1839#3 Warning
RAMB36 async control check  
The RAMB36E1 myBuf/ram_reg_0_0 has an input control pin myBuf/ram_reg_0_0/ADDRARDADDR[10] (net: myBuf/ADDRARDADDR[10]) which is driven by a register (uart_unit/tx_active_reg) that has an active asychronous set or reset. This may cause corruption of the memory contents and/or read values when the set/reset is asserted and is not analyzed by the default static timing analysis. It is suggested to eliminate the use of a set/reset to registers driving this RAMB pin or else use a synchronous reset in which the assertion of the reset is timed by default.
Related violations: <none>

REQP-1839#4 Warning
RAMB36 async control check  
The RAMB36E1 myBuf/ram_reg_0_0 has an input control pin myBuf/ram_reg_0_0/ADDRARDADDR[11] (net: myBuf/ADDRARDADDR[11]) which is driven by a register (addrGen_reg[11]) that has an active asychronous set or reset. This may cause corruption of the memory contents and/or read values when the set/reset is asserted and is not analyzed by the default static timing analysis. It is suggested to eliminate the use of a set/reset to registers driving this RAMB pin or else use a synchronous reset in which the assertion of the reset is timed by default.
Related violations: <none>

REQP-1839#5 Warning
RAMB36 async control check  
The RAMB36E1 myBuf/ram_reg_0_0 has an input control pin myBuf/ram_reg_0_0/ADDRARDADDR[11] (net: myBuf/ADDRARDADDR[11]) which is driven by a register (uart_unit/tmAddress_reg[13]) that has an active asychronous set or reset. This may cause corruption of the memory contents and/or read values when the set/reset is asserted and is not analyzed by the default static timing analysis. It is suggested to eliminate the use of a set/reset to registers driving this RAMB pin or else use a synchronous reset in which the assertion of the reset is timed by default.
Related violations: <none>

REQP-1839#6 Warning
RAMB36 async control check  
The RAMB36E1 myBuf/ram_reg_0_0 has an input control pin myBuf/ram_reg_0_0/ADDRARDADDR[11] (net: myBuf/ADDRARDADDR[11]) which is driven by a register (uart_unit/tx_active_reg) that has an active asychronous set or reset. This may cause corruption of the memory contents and/or read values when the set/reset is asserted and is not analyzed by the default static timing analysis. It is suggested to eliminate the use of a set/reset to registers driving this RAMB pin or else use a synchronous reset in which the assertion of the reset is timed by default.
Related violations: <none>

REQP-1839#7 Warning
RAMB36 async control check  
The RAMB36E1 myBuf/ram_reg_0_0 has an input control pin myBuf/ram_reg_0_0/ADDRARDADDR[12] (net: myBuf/ADDRARDADDR[12]) which is driven by a register (addrGen_reg[12]) that has an active asychronous set or reset. This may cause corruption of the memory contents and/or read values when the set/reset is asserted and is not analyzed by the default static timing analysis. It is suggested to eliminate the use of a set/reset to registers driving this RAMB pin or else use a synchronous reset in which the assertion of the reset is timed by default.
Related violations: <none>

REQP-1839#8 Warning
RAMB36 async control check  
The RAMB36E1 myBuf/ram_reg_0_0 has an input control pin myBuf/ram_reg_0_0/ADDRARDADDR[12] (net: myBuf/ADDRARDADDR[12]) which is driven by a register (uart_unit/tmAddress_reg[14]) that has an active asychronous set or reset. This may cause corruption of the memory contents and/or read values when the set/reset is asserted and is not analyzed by the default static timing analysis. It is suggested to eliminate the use of a set/reset to registers driving this RAMB pin or else use a synchronous reset in which the assertion of the reset is timed by default.
Related violations: <none>

REQP-1839#9 Warning
RAMB36 async control check  
The RAMB36E1 myBuf/ram_reg_0_0 has an input control pin myBuf/ram_reg_0_0/ADDRARDADDR[12] (net: myBuf/ADDRARDADDR[12]) which is driven by a register (uart_unit/tx_active_reg) that has an active asychronous set or reset. This may cause corruption of the memory contents and/or read values when the set/reset is asserted and is not analyzed by the default static timing analysis. It is suggested to eliminate the use of a set/reset to registers driving this RAMB pin or else use a synchronous reset in which the assertion of the reset is timed by default.
Related violations: <none>

REQP-1839#10 Warning
RAMB36 async control check  
The RAMB36E1 myBuf/ram_reg_0_0 has an input control pin myBuf/ram_reg_0_0/ADDRARDADDR[13] (net: myBuf/ADDRARDADDR[13]) which is driven by a register (addrGen_reg[13]) that has an active asychronous set or reset. This may cause corruption of the memory contents and/or read values when the set/reset is asserted and is not analyzed by the default static timing analysis. It is suggested to eliminate the use of a set/reset to registers driving this RAMB pin or else use a synchronous reset in which the assertion of the reset is timed by default.
Related violations: <none>

REQP-1839#11 Warning
RAMB36 async control check  
The RAMB36E1 myBuf/ram_reg_0_0 has an input control pin myBuf/ram_reg_0_0/ADDRARDADDR[13] (net: myBuf/ADDRARDADDR[13]) which is driven by a register (uart_unit/tmAddress_reg[15]) that has an active asychronous set or reset. This may cause corruption of the memory contents and/or read values when the set/reset is asserted and is not analyzed by the default static timing analysis. It is suggested to eliminate the use of a set/reset to registers driving this RAMB pin or else use a synchronous reset in which the assertion of the reset is timed by default.
Related violations: <none>

REQP-1839#12 Warning
RAMB36 async control check  
The RAMB36E1 myBuf/ram_reg_0_0 has an input control pin myBuf/ram_reg_0_0/ADDRARDADDR[13] (net: myBuf/ADDRARDADDR[13]) which is driven by a register (uart_unit/tx_active_reg) that has an active asychronous set or reset. This may cause corruption of the memory contents and/or read values when the set/reset is asserted and is not analyzed by the default static timing analysis. It is suggested to eliminate the use of a set/reset to registers driving this RAMB pin or else use a synchronous reset in which the assertion of the reset is timed by default.
Related violations: <none>

REQP-1839#13 Warning
RAMB36 async control check  
The RAMB36E1 myBuf/ram_reg_0_0 has an input control pin myBuf/ram_reg_0_0/ADDRARDADDR[14] (net: myBuf/ADDRARDADDR[14]) which is driven by a register (addrGen_reg[14]) that has an active asychronous set or reset. This may cause corruption of the memory contents and/or read values when the set/reset is asserted and is not analyzed by the default static timing analysis. It is suggested to eliminate the use of a set/reset to registers driving this RAMB pin or else use a synchronous reset in which the assertion of the reset is timed by default.
Related violations: <none>

REQP-1839#14 Warning
RAMB36 async control check  
The RAMB36E1 myBuf/ram_reg_0_0 has an input control pin myBuf/ram_reg_0_0/ADDRARDADDR[14] (net: myBuf/ADDRARDADDR[14]) which is driven by a register (uart_unit/tmAddress_reg[16]) that has an active asychronous set or reset. This may cause corruption of the memory contents and/or read values when the set/reset is asserted and is not analyzed by the default static timing analysis. It is suggested to eliminate the use of a set/reset to registers driving this RAMB pin or else use a synchronous reset in which the assertion of the reset is timed by default.
Related violations: <none>

REQP-1839#15 Warning
RAMB36 async control check  
The RAMB36E1 myBuf/ram_reg_0_0 has an input control pin myBuf/ram_reg_0_0/ADDRARDADDR[14] (net: myBuf/ADDRARDADDR[14]) which is driven by a register (uart_unit/tx_active_reg) that has an active asychronous set or reset. This may cause corruption of the memory contents and/or read values when the set/reset is asserted and is not analyzed by the default static timing analysis. It is suggested to eliminate the use of a set/reset to registers driving this RAMB pin or else use a synchronous reset in which the assertion of the reset is timed by default.
Related violations: <none>

REQP-1839#16 Warning
RAMB36 async control check  
The RAMB36E1 myBuf/ram_reg_0_0 has an input control pin myBuf/ram_reg_0_0/ADDRARDADDR[15] (net: myBuf/ADDRARDADDR[15]) which is driven by a register (addrGen_reg[15]) that has an active asychronous set or reset. This may cause corruption of the memory contents and/or read values when the set/reset is asserted and is not analyzed by the default static timing analysis. It is suggested to eliminate the use of a set/reset to registers driving this RAMB pin or else use a synchronous reset in which the assertion of the reset is timed by default.
Related violations: <none>

REQP-1839#17 Warning
RAMB36 async control check  
The RAMB36E1 myBuf/ram_reg_0_0 has an input control pin myBuf/ram_reg_0_0/ADDRARDADDR[15] (net: myBuf/ADDRARDADDR[15]) which is driven by a register (uart_unit/tmAddress_reg[17]) that has an active asychronous set or reset. This may cause corruption of the memory contents and/or read values when the set/reset is asserted and is not analyzed by the default static timing analysis. It is suggested to eliminate the use of a set/reset to registers driving this RAMB pin or else use a synchronous reset in which the assertion of the reset is timed by default.
Related violations: <none>

REQP-1839#18 Warning
RAMB36 async control check  
The RAMB36E1 myBuf/ram_reg_0_0 has an input control pin myBuf/ram_reg_0_0/ADDRARDADDR[15] (net: myBuf/ADDRARDADDR[15]) which is driven by a register (uart_unit/tx_active_reg) that has an active asychronous set or reset. This may cause corruption of the memory contents and/or read values when the set/reset is asserted and is not analyzed by the default static timing analysis. It is suggested to eliminate the use of a set/reset to registers driving this RAMB pin or else use a synchronous reset in which the assertion of the reset is timed by default.
Related violations: <none>

REQP-1839#19 Warning
RAMB36 async control check  
The RAMB36E1 myBuf/ram_reg_0_0 has an input control pin myBuf/ram_reg_0_0/ADDRARDADDR[9] (net: myBuf/ADDRARDADDR[9]) which is driven by a register (uart_unit/tmAddress_reg[11]) that has an active asychronous set or reset. This may cause corruption of the memory contents and/or read values when the set/reset is asserted and is not analyzed by the default static timing analysis. It is suggested to eliminate the use of a set/reset to registers driving this RAMB pin or else use a synchronous reset in which the assertion of the reset is timed by default.
Related violations: <none>

REQP-1839#20 Warning
RAMB36 async control check  
The RAMB36E1 myBuf/ram_reg_0_0 has an input control pin myBuf/ram_reg_0_0/ADDRARDADDR[9] (net: myBuf/ADDRARDADDR[9]) which is driven by a register (uart_unit/tx_active_reg) that has an active asychronous set or reset. This may cause corruption of the memory contents and/or read values when the set/reset is asserted and is not analyzed by the default static timing analysis. It is suggested to eliminate the use of a set/reset to registers driving this RAMB pin or else use a synchronous reset in which the assertion of the reset is timed by default.
Related violations: <none>


