Copyright 1986-2022 Xilinx, Inc. All Rights Reserved. Copyright 2022-2024 Advanced Micro Devices, Inc. All Rights Reserved.
--------------------------------------------------------------------------------------------------------------------------------------------------------------------------------------------
| Tool Version : Vivado v.2024.1 (win64) Build 5076996 Wed May 22 18:37:14 MDT 2024
| Date         : Tue Jun  2 16:30:36 2026
| Host         : LKLenovo running 64-bit major release  (build 9200)
| Command      : report_timing_summary -max_paths 10 -file EEBench_timing_summary_routed.rpt -pb EEBench_timing_summary_routed.pb -rpx EEBench_timing_summary_routed.rpx -warn_on_violation
| Design       : EEBench
| Device       : 7a35t-cpg236
| Speed File   : -1  PRODUCTION 1.23 2018-06-13
| Design State : Routed
--------------------------------------------------------------------------------------------------------------------------------------------------------------------------------------------

Timing Summary Report

------------------------------------------------------------------------------------------------
| Timer Settings
| --------------
------------------------------------------------------------------------------------------------

  Enable Multi Corner Analysis               :  Yes
  Enable Pessimism Removal                   :  Yes
  Pessimism Removal Resolution               :  Nearest Common Node
  Enable Input Delay Default Clock           :  No
  Enable Preset / Clear Arcs                 :  No
  Disable Flight Delays                      :  No
  Ignore I/O Paths                           :  No
  Timing Early Launch at Borrowing Latches   :  No
  Borrow Time for Max Delay Exceptions       :  Yes
  Merge Timing Exceptions                    :  Yes
  Inter-SLR Compensation                     :  Conservative

  Corner  Analyze    Analyze    
  Name    Max Paths  Min Paths  
  ------  ---------  ---------  
  Slow    Yes        Yes        
  Fast    Yes        Yes        


------------------------------------------------------------------------------------------------
| Report Methodology
| ------------------
------------------------------------------------------------------------------------------------

Rule       Severity  Description                     Violations  
---------  --------  ------------------------------  ----------  
DPIR-1     Warning   Asynchronous driver check       1380        
LUTAR-1    Warning   LUT drives async reset alert    85          
TIMING-18  Warning   Missing input or output delay   71          
TIMING-20  Warning   Non-clocked latch               42          
LATCH-1    Advisory  Existing latches in the design  1           

Note: This report is based on the most recent report_methodology run and may not be up-to-date. Run report_methodology on the current design for the latest report.



check_timing report

Table of Contents
-----------------
1. checking no_clock (157)
2. checking constant_clock (0)
3. checking pulse_width_clock (0)
4. checking unconstrained_internal_endpoints (42)
5. checking no_input_delay (20)
6. checking no_output_delay (47)
7. checking multiple_clock (0)
8. checking generated_clocks (0)
9. checking loops (0)
10. checking partial_input_delay (0)
11. checking partial_output_delay (0)
12. checking latch_loops (0)

1. checking no_clock (157)
--------------------------
 There are 42 register/latch pins with no clock driven by root clock pin: BTN[4] (HIGH)

 There are 42 register/latch pins with no clock driven by root clock pin: uart_unit/rx_mem_reg[14]/Q (HIGH)

 There are 2 register/latch pins with no clock driven by root clock pin: uart_unit/rx_mem_reg[176]/Q (HIGH)

 There are 2 register/latch pins with no clock driven by root clock pin: uart_unit/rx_mem_reg[177]/Q (HIGH)

 There are 2 register/latch pins with no clock driven by root clock pin: uart_unit/rx_mem_reg[178]/Q (HIGH)

 There are 2 register/latch pins with no clock driven by root clock pin: uart_unit/rx_mem_reg[179]/Q (HIGH)

 There are 2 register/latch pins with no clock driven by root clock pin: uart_unit/rx_mem_reg[180]/Q (HIGH)

 There are 2 register/latch pins with no clock driven by root clock pin: uart_unit/rx_mem_reg[181]/Q (HIGH)

 There are 2 register/latch pins with no clock driven by root clock pin: uart_unit/rx_mem_reg[182]/Q (HIGH)

 There are 2 register/latch pins with no clock driven by root clock pin: uart_unit/rx_mem_reg[183]/Q (HIGH)

 There are 2 register/latch pins with no clock driven by root clock pin: uart_unit/rx_mem_reg[184]/Q (HIGH)

 There are 2 register/latch pins with no clock driven by root clock pin: uart_unit/rx_mem_reg[185]/Q (HIGH)

 There are 2 register/latch pins with no clock driven by root clock pin: uart_unit/rx_mem_reg[186]/Q (HIGH)

 There are 2 register/latch pins with no clock driven by root clock pin: uart_unit/rx_mem_reg[187]/Q (HIGH)

 There are 2 register/latch pins with no clock driven by root clock pin: uart_unit/rx_mem_reg[188]/Q (HIGH)

 There are 2 register/latch pins with no clock driven by root clock pin: uart_unit/rx_mem_reg[189]/Q (HIGH)

 There are 2 register/latch pins with no clock driven by root clock pin: uart_unit/rx_mem_reg[190]/Q (HIGH)

 There are 2 register/latch pins with no clock driven by root clock pin: uart_unit/rx_mem_reg[191]/Q (HIGH)

 There is 1 register/latch pin with no clock driven by root clock pin: uart_unit/rx_mem_reg[192]/Q (HIGH)

 There is 1 register/latch pin with no clock driven by root clock pin: uart_unit/rx_mem_reg[193]/Q (HIGH)

 There is 1 register/latch pin with no clock driven by root clock pin: uart_unit/rx_mem_reg[194]/Q (HIGH)

 There is 1 register/latch pin with no clock driven by root clock pin: uart_unit/rx_mem_reg[195]/Q (HIGH)

 There is 1 register/latch pin with no clock driven by root clock pin: uart_unit/rx_mem_reg[196]/Q (HIGH)

 There is 1 register/latch pin with no clock driven by root clock pin: uart_unit/rx_mem_reg[197]/Q (HIGH)

 There is 1 register/latch pin with no clock driven by root clock pin: uart_unit/rx_mem_reg[198]/Q (HIGH)

 There is 1 register/latch pin with no clock driven by root clock pin: uart_unit/rx_mem_reg[199]/Q (HIGH)

 There is 1 register/latch pin with no clock driven by root clock pin: uart_unit/rx_mem_reg[200]/Q (HIGH)

 There is 1 register/latch pin with no clock driven by root clock pin: uart_unit/rx_mem_reg[201]/Q (HIGH)

 There is 1 register/latch pin with no clock driven by root clock pin: uart_unit/rx_mem_reg[202]/Q (HIGH)

 There is 1 register/latch pin with no clock driven by root clock pin: uart_unit/rx_mem_reg[203]/Q (HIGH)

 There is 1 register/latch pin with no clock driven by root clock pin: uart_unit/rx_mem_reg[204]/Q (HIGH)

 There is 1 register/latch pin with no clock driven by root clock pin: uart_unit/rx_mem_reg[205]/Q (HIGH)

 There is 1 register/latch pin with no clock driven by root clock pin: uart_unit/rx_mem_reg[206]/Q (HIGH)

 There is 1 register/latch pin with no clock driven by root clock pin: uart_unit/rx_mem_reg[207]/Q (HIGH)

 There is 1 register/latch pin with no clock driven by root clock pin: uart_unit/rx_mem_reg[20]/Q (HIGH)

 There is 1 register/latch pin with no clock driven by root clock pin: uart_unit/rx_mem_reg[24]/Q (HIGH)

 There is 1 register/latch pin with no clock driven by root clock pin: uart_unit/rx_mem_reg[25]/Q (HIGH)

 There is 1 register/latch pin with no clock driven by root clock pin: uart_unit/rx_mem_reg[26]/Q (HIGH)

 There is 1 register/latch pin with no clock driven by root clock pin: uart_unit/rx_mem_reg[27]/Q (HIGH)

 There is 1 register/latch pin with no clock driven by root clock pin: uart_unit/rx_mem_reg[28]/Q (HIGH)

 There is 1 register/latch pin with no clock driven by root clock pin: uart_unit/rx_mem_reg[29]/Q (HIGH)

 There is 1 register/latch pin with no clock driven by root clock pin: uart_unit/rx_mem_reg[30]/Q (HIGH)

 There is 1 register/latch pin with no clock driven by root clock pin: uart_unit/rx_mem_reg[31]/Q (HIGH)

 There is 1 register/latch pin with no clock driven by root clock pin: uart_unit/rx_mem_reg[32]/Q (HIGH)

 There is 1 register/latch pin with no clock driven by root clock pin: uart_unit/rx_mem_reg[33]/Q (HIGH)

 There is 1 register/latch pin with no clock driven by root clock pin: uart_unit/rx_mem_reg[34]/Q (HIGH)

 There is 1 register/latch pin with no clock driven by root clock pin: uart_unit/rx_mem_reg[35]/Q (HIGH)

 There is 1 register/latch pin with no clock driven by root clock pin: uart_unit/rx_mem_reg[36]/Q (HIGH)

 There is 1 register/latch pin with no clock driven by root clock pin: uart_unit/rx_mem_reg[37]/Q (HIGH)

 There is 1 register/latch pin with no clock driven by root clock pin: uart_unit/rx_mem_reg[38]/Q (HIGH)

 There is 1 register/latch pin with no clock driven by root clock pin: uart_unit/rx_mem_reg[39]/Q (HIGH)

 There is 1 register/latch pin with no clock driven by root clock pin: uart_unit/rx_mem_reg[40]/Q (HIGH)

 There is 1 register/latch pin with no clock driven by root clock pin: uart_unit/rx_mem_reg[41]/Q (HIGH)

 There is 1 register/latch pin with no clock driven by root clock pin: uart_unit/rx_mem_reg[42]/Q (HIGH)

 There is 1 register/latch pin with no clock driven by root clock pin: uart_unit/rx_mem_reg[43]/Q (HIGH)

 There is 1 register/latch pin with no clock driven by root clock pin: uart_unit/rx_mem_reg[44]/Q (HIGH)

 There is 1 register/latch pin with no clock driven by root clock pin: uart_unit/rx_mem_reg[45]/Q (HIGH)

 There is 1 register/latch pin with no clock driven by root clock pin: uart_unit/rx_mem_reg[46]/Q (HIGH)

 There is 1 register/latch pin with no clock driven by root clock pin: uart_unit/rx_mem_reg[47]/Q (HIGH)


2. checking constant_clock (0)
------------------------------
 There are 0 register/latch pins with constant_clock.


3. checking pulse_width_clock (0)
---------------------------------
 There are 0 register/latch pins which need pulse_width check


4. checking unconstrained_internal_endpoints (42)
-------------------------------------------------
 There are 42 pins that are not constrained for maximum delay. (HIGH)

 There are 0 pins that are not constrained for maximum delay due to constant clock.


5. checking no_input_delay (20)
-------------------------------
 There are 20 input ports with no input delay specified. (HIGH)

 There are 0 input ports with no input delay but user has a false path constraint.


6. checking no_output_delay (47)
--------------------------------
 There are 47 ports with no output delay specified. (HIGH)

 There are 0 ports with no output delay but user has a false path constraint

 There are 0 ports with no output delay but with a timing clock defined on it or propagating through it


7. checking multiple_clock (0)
------------------------------
 There are 0 register/latch pins with multiple clocks.


8. checking generated_clocks (0)
--------------------------------
 There are 0 generated clocks that are not connected to a clock source.


9. checking loops (0)
---------------------
 There are 0 combinational loops in the design.


10. checking partial_input_delay (0)
------------------------------------
 There are 0 input ports with partial input delay specified.


11. checking partial_output_delay (0)
-------------------------------------
 There are 0 ports with partial output delay specified.


12. checking latch_loops (0)
----------------------------
 There are 0 combinational latch loops in the design through latch input



------------------------------------------------------------------------------------------------
| Design Timing Summary
| ---------------------
------------------------------------------------------------------------------------------------

    WNS(ns)      TNS(ns)  TNS Failing Endpoints  TNS Total Endpoints      WHS(ns)      THS(ns)  THS Failing Endpoints  THS Total Endpoints     WPWS(ns)     TPWS(ns)  TPWS Failing Endpoints  TPWS Total Endpoints  
    -------      -------  ---------------------  -------------------      -------      -------  ---------------------  -------------------     --------     --------  ----------------------  --------------------  
      0.143        0.000                      0                 4924        0.127        0.000                      0                 4924        4.500        0.000                       0                  1878  


All user specified timing constraints are met.


------------------------------------------------------------------------------------------------
| Clock Summary
| -------------
------------------------------------------------------------------------------------------------

Clock        Waveform(ns)       Period(ns)      Frequency(MHz)
-----        ------------       ----------      --------------
sys_clk_pin  {0.000 5.000}      10.000          100.000         


------------------------------------------------------------------------------------------------
| Intra Clock Table
| -----------------
------------------------------------------------------------------------------------------------

Clock             WNS(ns)      TNS(ns)  TNS Failing Endpoints  TNS Total Endpoints      WHS(ns)      THS(ns)  THS Failing Endpoints  THS Total Endpoints     WPWS(ns)     TPWS(ns)  TPWS Failing Endpoints  TPWS Total Endpoints  
-----             -------      -------  ---------------------  -------------------      -------      -------  ---------------------  -------------------     --------     --------  ----------------------  --------------------  
sys_clk_pin         0.143        0.000                      0                 4370        0.127        0.000                      0                 4370        4.500        0.000                       0                  1878  


------------------------------------------------------------------------------------------------
| Inter Clock Table
| -----------------
------------------------------------------------------------------------------------------------

From Clock    To Clock          WNS(ns)      TNS(ns)  TNS Failing Endpoints  TNS Total Endpoints      WHS(ns)      THS(ns)  THS Failing Endpoints  THS Total Endpoints  
----------    --------          -------      -------  ---------------------  -------------------      -------      -------  ---------------------  -------------------  


------------------------------------------------------------------------------------------------
| Other Path Groups Table
| -----------------------
------------------------------------------------------------------------------------------------

Path Group         From Clock         To Clock               WNS(ns)      TNS(ns)  TNS Failing Endpoints  TNS Total Endpoints      WHS(ns)      THS(ns)  THS Failing Endpoints  THS Total Endpoints  
----------         ----------         --------               -------      -------  ---------------------  -------------------      -------      -------  ---------------------  -------------------  
**async_default**  sys_clk_pin        sys_clk_pin              2.568        0.000                      0                  554        0.538        0.000                      0                  554  


------------------------------------------------------------------------------------------------
| Timing Details
| --------------
------------------------------------------------------------------------------------------------


---------------------------------------------------------------------------------------------------
From Clock:  sys_clk_pin
  To Clock:  sys_clk_pin

Setup :            0  Failing Endpoints,  Worst Slack        0.143ns,  Total Violation        0.000ns
Hold  :            0  Failing Endpoints,  Worst Slack        0.127ns,  Total Violation        0.000ns
PW    :            0  Failing Endpoints,  Worst Slack        4.500ns,  Total Violation        0.000ns
---------------------------------------------------------------------------------------------------


Max Delay Paths
--------------------------------------------------------------------------------------
Slack (MET) :             0.143ns  (required time - arrival time)
  Source:                 sine_unit/step_Re_reg[31]/C
                            (rising edge-triggered cell FDCE clocked by sys_clk_pin  {rise@0.000ns fall@5.000ns period=10.000ns})
  Destination:            sine_unit/mul2/pipe_mul4/sum_1_reg[59]/D
                            (rising edge-triggered cell FDRE clocked by sys_clk_pin  {rise@0.000ns fall@5.000ns period=10.000ns})
  Path Group:             sys_clk_pin
  Path Type:              Setup (Max at Slow Process Corner)
  Requirement:            10.000ns  (sys_clk_pin rise@10.000ns - sys_clk_pin rise@0.000ns)
  Data Path Delay:        9.761ns  (logic 6.000ns (61.472%)  route 3.761ns (38.528%))
  Logic Levels:           11  (CARRY4=7 DSP48E1=1 LUT6=3)
  Clock Path Skew:        -0.123ns (DCD - SCD + CPR)
    Destination Clock Delay (DCD):    4.774ns = ( 14.774 - 10.000 ) 
    Source Clock Delay      (SCD):    5.085ns
    Clock Pessimism Removal (CPR):    0.188ns
  Clock Uncertainty:      0.035ns  ((TSJ^2 + TIJ^2)^1/2 + DJ) / 2 + PE
    Total System Jitter     (TSJ):    0.071ns
    Total Input Jitter      (TIJ):    0.000ns
    Discrete Jitter          (DJ):    0.000ns
    Phase Error              (PE):    0.000ns

    Location             Delay type                Incr(ns)  Path(ns)    Netlist Resource(s)
  -------------------------------------------------------------------    -------------------
                         (clock sys_clk_pin rise edge)
                                                      0.000     0.000 r  
    W5                                                0.000     0.000 r  CLK (IN)
                         net (fo=0)                   0.000     0.000    CLK
    W5                   IBUF (Prop_ibuf_I_O)         1.458     1.458 r  CLK_IBUF_inst/O
                         net (fo=1, routed)           1.967     3.425    CLK_IBUF
    BUFGCTRL_X0Y0        BUFG (Prop_bufg_I_O)         0.096     3.521 r  CLK_IBUF_BUFG_inst/O
                         net (fo=1901, routed)        1.564     5.085    sine_unit/CLK_IBUF_BUFG
    SLICE_X54Y34         FDCE                                         r  sine_unit/step_Re_reg[31]/C
  -------------------------------------------------------------------    -------------------
    SLICE_X54Y34         FDCE (Prop_fdce_C_Q)         0.518     5.603 r  sine_unit/step_Re_reg[31]/Q
                         net (fo=39, routed)          1.285     6.888    sine_unit/mul2/pipe_mul4/multOp__0_0[31]
    DSP48_X1Y7           DSP48E1 (Prop_dsp48e1_B[15]_P[17])
                                                      3.656    10.544 r  sine_unit/mul2/pipe_mul4/multOp__0/P[17]
                         net (fo=4, routed)           1.823    12.367    sine_unit/mul2/pipe_mul4/R0_in[33]
    SLICE_X34Y23         LUT6 (Prop_lut6_I1_O)        0.124    12.491 r  sine_unit/mul2/pipe_mul4/sum_1[37]_i_11__6/O
                         net (fo=2, routed)           0.338    12.830    sine_unit/mul2/pipe_mul4/sum_1[37]_i_11__6_n_0
    SLICE_X32Y24         LUT6 (Prop_lut6_I0_O)        0.124    12.954 r  sine_unit/mul2/pipe_mul4/sum_1[37]_i_4/O
                         net (fo=2, routed)           0.305    13.259    sine_unit/mul2/pipe_mul4/sum_1[37]_i_4_n_0
    SLICE_X35Y24         LUT6 (Prop_lut6_I0_O)        0.124    13.383 r  sine_unit/mul2/pipe_mul4/sum_1[37]_i_8/O
                         net (fo=1, routed)           0.000    13.383    sine_unit/mul2/pipe_mul4/sum_1[37]_i_8_n_0
    SLICE_X35Y24         CARRY4 (Prop_carry4_S[1]_CO[3])
                                                      0.550    13.933 r  sine_unit/mul2/pipe_mul4/sum_1_reg[37]_i_1/CO[3]
                         net (fo=1, routed)           0.009    13.942    sine_unit/mul2/pipe_mul4/sum_1_reg[37]_i_1_n_0
    SLICE_X35Y25         CARRY4 (Prop_carry4_CI_CO[3])
                                                      0.114    14.056 r  sine_unit/mul2/pipe_mul4/sum_1_reg[41]_i_1/CO[3]
                         net (fo=1, routed)           0.000    14.056    sine_unit/mul2/pipe_mul4/sum_1_reg[41]_i_1_n_0
    SLICE_X35Y26         CARRY4 (Prop_carry4_CI_CO[3])
                                                      0.114    14.170 r  sine_unit/mul2/pipe_mul4/sum_1_reg[45]_i_1/CO[3]
                         net (fo=1, routed)           0.000    14.170    sine_unit/mul2/pipe_mul4/sum_1_reg[45]_i_1_n_0
    SLICE_X35Y27         CARRY4 (Prop_carry4_CI_CO[3])
                                                      0.114    14.284 r  sine_unit/mul2/pipe_mul4/sum_1_reg[49]_i_1/CO[3]
                         net (fo=1, routed)           0.000    14.284    sine_unit/mul2/pipe_mul4/sum_1_reg[49]_i_1_n_0
    SLICE_X35Y28         CARRY4 (Prop_carry4_CI_CO[3])
                                                      0.114    14.398 r  sine_unit/mul2/pipe_mul4/sum_1_reg[53]_i_1/CO[3]
                         net (fo=1, routed)           0.000    14.398    sine_unit/mul2/pipe_mul4/sum_1_reg[53]_i_1_n_0
    SLICE_X35Y29         CARRY4 (Prop_carry4_CI_CO[3])
                                                      0.114    14.512 r  sine_unit/mul2/pipe_mul4/sum_1_reg[57]_i_1/CO[3]
                         net (fo=1, routed)           0.000    14.512    sine_unit/mul2/pipe_mul4/sum_1_reg[57]_i_1_n_0
    SLICE_X35Y30         CARRY4 (Prop_carry4_CI_O[1])
                                                      0.334    14.846 r  sine_unit/mul2/pipe_mul4/sum_1_reg[61]_i_1/O[1]
                         net (fo=1, routed)           0.000    14.846    sine_unit/mul2/pipe_mul4/plusOp[59]
    SLICE_X35Y30         FDRE                                         r  sine_unit/mul2/pipe_mul4/sum_1_reg[59]/D
  -------------------------------------------------------------------    -------------------

                         (clock sys_clk_pin rise edge)
                                                     10.000    10.000 r  
    W5                                                0.000    10.000 r  CLK (IN)
                         net (fo=0)                   0.000    10.000    CLK
    W5                   IBUF (Prop_ibuf_I_O)         1.388    11.388 r  CLK_IBUF_inst/O
                         net (fo=1, routed)           1.862    13.250    CLK_IBUF
    BUFGCTRL_X0Y0        BUFG (Prop_bufg_I_O)         0.091    13.341 r  CLK_IBUF_BUFG_inst/O
                         net (fo=1901, routed)        1.433    14.774    sine_unit/mul2/pipe_mul4/CLK_IBUF_BUFG
    SLICE_X35Y30         FDRE                                         r  sine_unit/mul2/pipe_mul4/sum_1_reg[59]/C
                         clock pessimism              0.188    14.962    
                         clock uncertainty           -0.035    14.927    
    SLICE_X35Y30         FDRE (Setup_fdre_C_D)        0.062    14.989    sine_unit/mul2/pipe_mul4/sum_1_reg[59]
  -------------------------------------------------------------------
                         required time                         14.989    
                         arrival time                         -14.846    
  -------------------------------------------------------------------
                         slack                                  0.143    

Slack (MET) :             0.164ns  (required time - arrival time)
  Source:                 sine_unit/step_Re_reg[31]/C
                            (rising edge-triggered cell FDCE clocked by sys_clk_pin  {rise@0.000ns fall@5.000ns period=10.000ns})
  Destination:            sine_unit/mul2/pipe_mul4/sum_1_reg[61]/D
                            (rising edge-triggered cell FDRE clocked by sys_clk_pin  {rise@0.000ns fall@5.000ns period=10.000ns})
  Path Group:             sys_clk_pin
  Path Type:              Setup (Max at Slow Process Corner)
  Requirement:            10.000ns  (sys_clk_pin rise@10.000ns - sys_clk_pin rise@0.000ns)
  Data Path Delay:        9.740ns  (logic 5.979ns (61.389%)  route 3.761ns (38.611%))
  Logic Levels:           11  (CARRY4=7 DSP48E1=1 LUT6=3)
  Clock Path Skew:        -0.123ns (DCD - SCD + CPR)
    Destination Clock Delay (DCD):    4.774ns = ( 14.774 - 10.000 ) 
    Source Clock Delay      (SCD):    5.085ns
    Clock Pessimism Removal (CPR):    0.188ns
  Clock Uncertainty:      0.035ns  ((TSJ^2 + TIJ^2)^1/2 + DJ) / 2 + PE
    Total System Jitter     (TSJ):    0.071ns
    Total Input Jitter      (TIJ):    0.000ns
    Discrete Jitter          (DJ):    0.000ns
    Phase Error              (PE):    0.000ns

    Location             Delay type                Incr(ns)  Path(ns)    Netlist Resource(s)
  -------------------------------------------------------------------    -------------------
                         (clock sys_clk_pin rise edge)
                                                      0.000     0.000 r  
    W5                                                0.000     0.000 r  CLK (IN)
                         net (fo=0)                   0.000     0.000    CLK
    W5                   IBUF (Prop_ibuf_I_O)         1.458     1.458 r  CLK_IBUF_inst/O
                         net (fo=1, routed)           1.967     3.425    CLK_IBUF
    BUFGCTRL_X0Y0        BUFG (Prop_bufg_I_O)         0.096     3.521 r  CLK_IBUF_BUFG_inst/O
                         net (fo=1901, routed)        1.564     5.085    sine_unit/CLK_IBUF_BUFG
    SLICE_X54Y34         FDCE                                         r  sine_unit/step_Re_reg[31]/C
  -------------------------------------------------------------------    -------------------
    SLICE_X54Y34         FDCE (Prop_fdce_C_Q)         0.518     5.603 r  sine_unit/step_Re_reg[31]/Q
                         net (fo=39, routed)          1.285     6.888    sine_unit/mul2/pipe_mul4/multOp__0_0[31]
    DSP48_X1Y7           DSP48E1 (Prop_dsp48e1_B[15]_P[17])
                                                      3.656    10.544 r  sine_unit/mul2/pipe_mul4/multOp__0/P[17]
                         net (fo=4, routed)           1.823    12.367    sine_unit/mul2/pipe_mul4/R0_in[33]
    SLICE_X34Y23         LUT6 (Prop_lut6_I1_O)        0.124    12.491 r  sine_unit/mul2/pipe_mul4/sum_1[37]_i_11__6/O
                         net (fo=2, routed)           0.338    12.830    sine_unit/mul2/pipe_mul4/sum_1[37]_i_11__6_n_0
    SLICE_X32Y24         LUT6 (Prop_lut6_I0_O)        0.124    12.954 r  sine_unit/mul2/pipe_mul4/sum_1[37]_i_4/O
                         net (fo=2, routed)           0.305    13.259    sine_unit/mul2/pipe_mul4/sum_1[37]_i_4_n_0
    SLICE_X35Y24         LUT6 (Prop_lut6_I0_O)        0.124    13.383 r  sine_unit/mul2/pipe_mul4/sum_1[37]_i_8/O
                         net (fo=1, routed)           0.000    13.383    sine_unit/mul2/pipe_mul4/sum_1[37]_i_8_n_0
    SLICE_X35Y24         CARRY4 (Prop_carry4_S[1]_CO[3])
                                                      0.550    13.933 r  sine_unit/mul2/pipe_mul4/sum_1_reg[37]_i_1/CO[3]
                         net (fo=1, routed)           0.009    13.942    sine_unit/mul2/pipe_mul4/sum_1_reg[37]_i_1_n_0
    SLICE_X35Y25         CARRY4 (Prop_carry4_CI_CO[3])
                                                      0.114    14.056 r  sine_unit/mul2/pipe_mul4/sum_1_reg[41]_i_1/CO[3]
                         net (fo=1, routed)           0.000    14.056    sine_unit/mul2/pipe_mul4/sum_1_reg[41]_i_1_n_0
    SLICE_X35Y26         CARRY4 (Prop_carry4_CI_CO[3])
                                                      0.114    14.170 r  sine_unit/mul2/pipe_mul4/sum_1_reg[45]_i_1/CO[3]
                         net (fo=1, routed)           0.000    14.170    sine_unit/mul2/pipe_mul4/sum_1_reg[45]_i_1_n_0
    SLICE_X35Y27         CARRY4 (Prop_carry4_CI_CO[3])
                                                      0.114    14.284 r  sine_unit/mul2/pipe_mul4/sum_1_reg[49]_i_1/CO[3]
                         net (fo=1, routed)           0.000    14.284    sine_unit/mul2/pipe_mul4/sum_1_reg[49]_i_1_n_0
    SLICE_X35Y28         CARRY4 (Prop_carry4_CI_CO[3])
                                                      0.114    14.398 r  sine_unit/mul2/pipe_mul4/sum_1_reg[53]_i_1/CO[3]
                         net (fo=1, routed)           0.000    14.398    sine_unit/mul2/pipe_mul4/sum_1_reg[53]_i_1_n_0
    SLICE_X35Y29         CARRY4 (Prop_carry4_CI_CO[3])
                                                      0.114    14.512 r  sine_unit/mul2/pipe_mul4/sum_1_reg[57]_i_1/CO[3]
                         net (fo=1, routed)           0.000    14.512    sine_unit/mul2/pipe_mul4/sum_1_reg[57]_i_1_n_0
    SLICE_X35Y30         CARRY4 (Prop_carry4_CI_O[3])
                                                      0.313    14.825 r  sine_unit/mul2/pipe_mul4/sum_1_reg[61]_i_1/O[3]
                         net (fo=1, routed)           0.000    14.825    sine_unit/mul2/pipe_mul4/plusOp[61]
    SLICE_X35Y30         FDRE                                         r  sine_unit/mul2/pipe_mul4/sum_1_reg[61]/D
  -------------------------------------------------------------------    -------------------

                         (clock sys_clk_pin rise edge)
                                                     10.000    10.000 r  
    W5                                                0.000    10.000 r  CLK (IN)
                         net (fo=0)                   0.000    10.000    CLK
    W5                   IBUF (Prop_ibuf_I_O)         1.388    11.388 r  CLK_IBUF_inst/O
                         net (fo=1, routed)           1.862    13.250    CLK_IBUF
    BUFGCTRL_X0Y0        BUFG (Prop_bufg_I_O)         0.091    13.341 r  CLK_IBUF_BUFG_inst/O
                         net (fo=1901, routed)        1.433    14.774    sine_unit/mul2/pipe_mul4/CLK_IBUF_BUFG
    SLICE_X35Y30         FDRE                                         r  sine_unit/mul2/pipe_mul4/sum_1_reg[61]/C
                         clock pessimism              0.188    14.962    
                         clock uncertainty           -0.035    14.927    
    SLICE_X35Y30         FDRE (Setup_fdre_C_D)        0.062    14.989    sine_unit/mul2/pipe_mul4/sum_1_reg[61]
  -------------------------------------------------------------------
                         required time                         14.989    
                         arrival time                         -14.825    
  -------------------------------------------------------------------
                         slack                                  0.164    

Slack (MET) :             0.179ns  (required time - arrival time)
  Source:                 sine_unit/step_Re_reg[16]/C
                            (rising edge-triggered cell FDCE clocked by sys_clk_pin  {rise@0.000ns fall@5.000ns period=10.000ns})
  Destination:            sine_unit/mul1/pipe_mul1/sum_1_reg[59]/D
                            (rising edge-triggered cell FDRE clocked by sys_clk_pin  {rise@0.000ns fall@5.000ns period=10.000ns})
  Path Group:             sys_clk_pin
  Path Type:              Setup (Max at Slow Process Corner)
  Requirement:            10.000ns  (sys_clk_pin rise@10.000ns - sys_clk_pin rise@0.000ns)
  Data Path Delay:        9.777ns  (logic 6.296ns (64.393%)  route 3.481ns (35.607%))
  Logic Levels:           12  (CARRY4=7 DSP48E1=1 LUT2=1 LUT6=3)
  Clock Path Skew:        -0.117ns (DCD - SCD + CPR)
    Destination Clock Delay (DCD):    4.780ns = ( 14.780 - 10.000 ) 
    Source Clock Delay      (SCD):    5.085ns
    Clock Pessimism Removal (CPR):    0.188ns
  Clock Uncertainty:      0.035ns  ((TSJ^2 + TIJ^2)^1/2 + DJ) / 2 + PE
    Total System Jitter     (TSJ):    0.071ns
    Total Input Jitter      (TIJ):    0.000ns
    Discrete Jitter          (DJ):    0.000ns
    Phase Error              (PE):    0.000ns

    Location             Delay type                Incr(ns)  Path(ns)    Netlist Resource(s)
  -------------------------------------------------------------------    -------------------
                         (clock sys_clk_pin rise edge)
                                                      0.000     0.000 r  
    W5                                                0.000     0.000 r  CLK (IN)
                         net (fo=0)                   0.000     0.000    CLK
    W5                   IBUF (Prop_ibuf_I_O)         1.458     1.458 r  CLK_IBUF_inst/O
                         net (fo=1, routed)           1.967     3.425    CLK_IBUF
    BUFGCTRL_X0Y0        BUFG (Prop_bufg_I_O)         0.096     3.521 r  CLK_IBUF_BUFG_inst/O
                         net (fo=1901, routed)        1.564     5.085    sine_unit/CLK_IBUF_BUFG
    SLICE_X54Y34         FDCE                                         r  sine_unit/step_Re_reg[16]/C
  -------------------------------------------------------------------    -------------------
    SLICE_X54Y34         FDCE (Prop_fdce_C_Q)         0.518     5.603 r  sine_unit/step_Re_reg[16]/Q
                         net (fo=5, routed)           0.864     6.467    sine_unit/mul1/pipe_mul1/multOp__2_0[16]
    DSP48_X1Y12          DSP48E1 (Prop_dsp48e1_A[0]_P[1])
                                                      3.841    10.308 r  sine_unit/mul1/pipe_mul1/multOp__2/P[1]
                         net (fo=5, routed)           1.470    11.778    sine_unit/mul1/pipe_mul1/L[33]
    SLICE_X33Y28         LUT2 (Prop_lut2_I0_O)        0.124    11.902 r  sine_unit/mul1/pipe_mul1/sum_1[37]_i_18/O
                         net (fo=1, routed)           0.403    12.305    sine_unit/mul1/pipe_mul1/sum_1[37]_i_18_n_0
    SLICE_X33Y28         LUT6 (Prop_lut6_I2_O)        0.124    12.429 r  sine_unit/mul1/pipe_mul1/sum_1[37]_i_11/O
                         net (fo=2, routed)           0.313    12.742    sine_unit/mul1/pipe_mul1/sum_1[37]_i_11_n_0
    SLICE_X32Y27         LUT6 (Prop_lut6_I0_O)        0.124    12.866 r  sine_unit/mul1/pipe_mul1/sum_1[37]_i_4/O
                         net (fo=2, routed)           0.432    13.298    sine_unit/mul1/pipe_mul1/sum_1[37]_i_4_n_0
    SLICE_X30Y28         LUT6 (Prop_lut6_I0_O)        0.124    13.422 r  sine_unit/mul1/pipe_mul1/sum_1[37]_i_8/O
                         net (fo=1, routed)           0.000    13.422    sine_unit/mul1/pipe_mul1/sum_1[37]_i_8_n_0
    SLICE_X30Y28         CARRY4 (Prop_carry4_S[1]_CO[3])
                                                      0.533    13.955 r  sine_unit/mul1/pipe_mul1/sum_1_reg[37]_i_1/CO[3]
                         net (fo=1, routed)           0.000    13.955    sine_unit/mul1/pipe_mul1/sum_1_reg[37]_i_1_n_0
    SLICE_X30Y29         CARRY4 (Prop_carry4_CI_CO[3])
                                                      0.117    14.072 r  sine_unit/mul1/pipe_mul1/sum_1_reg[41]_i_1/CO[3]
                         net (fo=1, routed)           0.000    14.072    sine_unit/mul1/pipe_mul1/sum_1_reg[41]_i_1_n_0
    SLICE_X30Y30         CARRY4 (Prop_carry4_CI_CO[3])
                                                      0.117    14.189 r  sine_unit/mul1/pipe_mul1/sum_1_reg[45]_i_1/CO[3]
                         net (fo=1, routed)           0.000    14.189    sine_unit/mul1/pipe_mul1/sum_1_reg[45]_i_1_n_0
    SLICE_X30Y31         CARRY4 (Prop_carry4_CI_CO[3])
                                                      0.117    14.306 r  sine_unit/mul1/pipe_mul1/sum_1_reg[49]_i_1/CO[3]
                         net (fo=1, routed)           0.000    14.306    sine_unit/mul1/pipe_mul1/sum_1_reg[49]_i_1_n_0
    SLICE_X30Y32         CARRY4 (Prop_carry4_CI_CO[3])
                                                      0.117    14.423 r  sine_unit/mul1/pipe_mul1/sum_1_reg[53]_i_1/CO[3]
                         net (fo=1, routed)           0.000    14.423    sine_unit/mul1/pipe_mul1/sum_1_reg[53]_i_1_n_0
    SLICE_X30Y33         CARRY4 (Prop_carry4_CI_CO[3])
                                                      0.117    14.540 r  sine_unit/mul1/pipe_mul1/sum_1_reg[57]_i_1/CO[3]
                         net (fo=1, routed)           0.000    14.540    sine_unit/mul1/pipe_mul1/sum_1_reg[57]_i_1_n_0
    SLICE_X30Y34         CARRY4 (Prop_carry4_CI_O[1])
                                                      0.323    14.863 r  sine_unit/mul1/pipe_mul1/sum_1_reg[61]_i_1/O[1]
                         net (fo=1, routed)           0.000    14.863    sine_unit/mul1/pipe_mul1/plusOp[59]
    SLICE_X30Y34         FDRE                                         r  sine_unit/mul1/pipe_mul1/sum_1_reg[59]/D
  -------------------------------------------------------------------    -------------------

                         (clock sys_clk_pin rise edge)
                                                     10.000    10.000 r  
    W5                                                0.000    10.000 r  CLK (IN)
                         net (fo=0)                   0.000    10.000    CLK
    W5                   IBUF (Prop_ibuf_I_O)         1.388    11.388 r  CLK_IBUF_inst/O
                         net (fo=1, routed)           1.862    13.250    CLK_IBUF
    BUFGCTRL_X0Y0        BUFG (Prop_bufg_I_O)         0.091    13.341 r  CLK_IBUF_BUFG_inst/O
                         net (fo=1901, routed)        1.439    14.780    sine_unit/mul1/pipe_mul1/CLK_IBUF_BUFG
    SLICE_X30Y34         FDRE                                         r  sine_unit/mul1/pipe_mul1/sum_1_reg[59]/C
                         clock pessimism              0.188    14.968    
                         clock uncertainty           -0.035    14.933    
    SLICE_X30Y34         FDRE (Setup_fdre_C_D)        0.109    15.042    sine_unit/mul1/pipe_mul1/sum_1_reg[59]
  -------------------------------------------------------------------
                         required time                         15.042    
                         arrival time                         -14.863    
  -------------------------------------------------------------------
                         slack                                  0.179    

Slack (MET) :             0.187ns  (required time - arrival time)
  Source:                 sine_unit/step_Re_reg[16]/C
                            (rising edge-triggered cell FDCE clocked by sys_clk_pin  {rise@0.000ns fall@5.000ns period=10.000ns})
  Destination:            sine_unit/mul1/pipe_mul1/sum_1_reg[61]/D
                            (rising edge-triggered cell FDRE clocked by sys_clk_pin  {rise@0.000ns fall@5.000ns period=10.000ns})
  Path Group:             sys_clk_pin
  Path Type:              Setup (Max at Slow Process Corner)
  Requirement:            10.000ns  (sys_clk_pin rise@10.000ns - sys_clk_pin rise@0.000ns)
  Data Path Delay:        9.769ns  (logic 6.288ns (64.364%)  route 3.481ns (35.636%))
  Logic Levels:           12  (CARRY4=7 DSP48E1=1 LUT2=1 LUT6=3)
  Clock Path Skew:        -0.117ns (DCD - SCD + CPR)
    Destination Clock Delay (DCD):    4.780ns = ( 14.780 - 10.000 ) 
    Source Clock Delay      (SCD):    5.085ns
    Clock Pessimism Removal (CPR):    0.188ns
  Clock Uncertainty:      0.035ns  ((TSJ^2 + TIJ^2)^1/2 + DJ) / 2 + PE
    Total System Jitter     (TSJ):    0.071ns
    Total Input Jitter      (TIJ):    0.000ns
    Discrete Jitter          (DJ):    0.000ns
    Phase Error              (PE):    0.000ns

    Location             Delay type                Incr(ns)  Path(ns)    Netlist Resource(s)
  -------------------------------------------------------------------    -------------------
                         (clock sys_clk_pin rise edge)
                                                      0.000     0.000 r  
    W5                                                0.000     0.000 r  CLK (IN)
                         net (fo=0)                   0.000     0.000    CLK
    W5                   IBUF (Prop_ibuf_I_O)         1.458     1.458 r  CLK_IBUF_inst/O
                         net (fo=1, routed)           1.967     3.425    CLK_IBUF
    BUFGCTRL_X0Y0        BUFG (Prop_bufg_I_O)         0.096     3.521 r  CLK_IBUF_BUFG_inst/O
                         net (fo=1901, routed)        1.564     5.085    sine_unit/CLK_IBUF_BUFG
    SLICE_X54Y34         FDCE                                         r  sine_unit/step_Re_reg[16]/C
  -------------------------------------------------------------------    -------------------
    SLICE_X54Y34         FDCE (Prop_fdce_C_Q)         0.518     5.603 r  sine_unit/step_Re_reg[16]/Q
                         net (fo=5, routed)           0.864     6.467    sine_unit/mul1/pipe_mul1/multOp__2_0[16]
    DSP48_X1Y12          DSP48E1 (Prop_dsp48e1_A[0]_P[1])
                                                      3.841    10.308 r  sine_unit/mul1/pipe_mul1/multOp__2/P[1]
                         net (fo=5, routed)           1.470    11.778    sine_unit/mul1/pipe_mul1/L[33]
    SLICE_X33Y28         LUT2 (Prop_lut2_I0_O)        0.124    11.902 r  sine_unit/mul1/pipe_mul1/sum_1[37]_i_18/O
                         net (fo=1, routed)           0.403    12.305    sine_unit/mul1/pipe_mul1/sum_1[37]_i_18_n_0
    SLICE_X33Y28         LUT6 (Prop_lut6_I2_O)        0.124    12.429 r  sine_unit/mul1/pipe_mul1/sum_1[37]_i_11/O
                         net (fo=2, routed)           0.313    12.742    sine_unit/mul1/pipe_mul1/sum_1[37]_i_11_n_0
    SLICE_X32Y27         LUT6 (Prop_lut6_I0_O)        0.124    12.866 r  sine_unit/mul1/pipe_mul1/sum_1[37]_i_4/O
                         net (fo=2, routed)           0.432    13.298    sine_unit/mul1/pipe_mul1/sum_1[37]_i_4_n_0
    SLICE_X30Y28         LUT6 (Prop_lut6_I0_O)        0.124    13.422 r  sine_unit/mul1/pipe_mul1/sum_1[37]_i_8/O
                         net (fo=1, routed)           0.000    13.422    sine_unit/mul1/pipe_mul1/sum_1[37]_i_8_n_0
    SLICE_X30Y28         CARRY4 (Prop_carry4_S[1]_CO[3])
                                                      0.533    13.955 r  sine_unit/mul1/pipe_mul1/sum_1_reg[37]_i_1/CO[3]
                         net (fo=1, routed)           0.000    13.955    sine_unit/mul1/pipe_mul1/sum_1_reg[37]_i_1_n_0
    SLICE_X30Y29         CARRY4 (Prop_carry4_CI_CO[3])
                                                      0.117    14.072 r  sine_unit/mul1/pipe_mul1/sum_1_reg[41]_i_1/CO[3]
                         net (fo=1, routed)           0.000    14.072    sine_unit/mul1/pipe_mul1/sum_1_reg[41]_i_1_n_0
    SLICE_X30Y30         CARRY4 (Prop_carry4_CI_CO[3])
                                                      0.117    14.189 r  sine_unit/mul1/pipe_mul1/sum_1_reg[45]_i_1/CO[3]
                         net (fo=1, routed)           0.000    14.189    sine_unit/mul1/pipe_mul1/sum_1_reg[45]_i_1_n_0
    SLICE_X30Y31         CARRY4 (Prop_carry4_CI_CO[3])
                                                      0.117    14.306 r  sine_unit/mul1/pipe_mul1/sum_1_reg[49]_i_1/CO[3]
                         net (fo=1, routed)           0.000    14.306    sine_unit/mul1/pipe_mul1/sum_1_reg[49]_i_1_n_0
    SLICE_X30Y32         CARRY4 (Prop_carry4_CI_CO[3])
                                                      0.117    14.423 r  sine_unit/mul1/pipe_mul1/sum_1_reg[53]_i_1/CO[3]
                         net (fo=1, routed)           0.000    14.423    sine_unit/mul1/pipe_mul1/sum_1_reg[53]_i_1_n_0
    SLICE_X30Y33         CARRY4 (Prop_carry4_CI_CO[3])
                                                      0.117    14.540 r  sine_unit/mul1/pipe_mul1/sum_1_reg[57]_i_1/CO[3]
                         net (fo=1, routed)           0.000    14.540    sine_unit/mul1/pipe_mul1/sum_1_reg[57]_i_1_n_0
    SLICE_X30Y34         CARRY4 (Prop_carry4_CI_O[3])
                                                      0.315    14.855 r  sine_unit/mul1/pipe_mul1/sum_1_reg[61]_i_1/O[3]
                         net (fo=1, routed)           0.000    14.855    sine_unit/mul1/pipe_mul1/plusOp[61]
    SLICE_X30Y34         FDRE                                         r  sine_unit/mul1/pipe_mul1/sum_1_reg[61]/D
  -------------------------------------------------------------------    -------------------

                         (clock sys_clk_pin rise edge)
                                                     10.000    10.000 r  
    W5                                                0.000    10.000 r  CLK (IN)
                         net (fo=0)                   0.000    10.000    CLK
    W5                   IBUF (Prop_ibuf_I_O)         1.388    11.388 r  CLK_IBUF_inst/O
                         net (fo=1, routed)           1.862    13.250    CLK_IBUF
    BUFGCTRL_X0Y0        BUFG (Prop_bufg_I_O)         0.091    13.341 r  CLK_IBUF_BUFG_inst/O
                         net (fo=1901, routed)        1.439    14.780    sine_unit/mul1/pipe_mul1/CLK_IBUF_BUFG
    SLICE_X30Y34         FDRE                                         r  sine_unit/mul1/pipe_mul1/sum_1_reg[61]/C
                         clock pessimism              0.188    14.968    
                         clock uncertainty           -0.035    14.933    
    SLICE_X30Y34         FDRE (Setup_fdre_C_D)        0.109    15.042    sine_unit/mul1/pipe_mul1/sum_1_reg[61]
  -------------------------------------------------------------------
                         required time                         15.042    
                         arrival time                         -14.855    
  -------------------------------------------------------------------
                         slack                                  0.187    

Slack (MET) :             0.226ns  (required time - arrival time)
  Source:                 sine_unit/curr_Re_reg[3]_replica/C
                            (rising edge-triggered cell FDCE clocked by sys_clk_pin  {rise@0.000ns fall@5.000ns period=10.000ns})
  Destination:            sine_unit/myScale/sum_1_reg[59]/D
                            (rising edge-triggered cell FDRE clocked by sys_clk_pin  {rise@0.000ns fall@5.000ns period=10.000ns})
  Path Group:             sys_clk_pin
  Path Type:              Setup (Max at Slow Process Corner)
  Requirement:            10.000ns  (sys_clk_pin rise@10.000ns - sys_clk_pin rise@0.000ns)
  Data Path Delay:        9.771ns  (logic 6.142ns (62.861%)  route 3.629ns (37.139%))
  Logic Levels:           11  (CARRY4=7 DSP48E1=1 LUT2=1 LUT6=2)
  Clock Path Skew:        -0.030ns (DCD - SCD + CPR)
    Destination Clock Delay (DCD):    4.788ns = ( 14.788 - 10.000 ) 
    Source Clock Delay      (SCD):    5.078ns
    Clock Pessimism Removal (CPR):    0.260ns
  Clock Uncertainty:      0.035ns  ((TSJ^2 + TIJ^2)^1/2 + DJ) / 2 + PE
    Total System Jitter     (TSJ):    0.071ns
    Total Input Jitter      (TIJ):    0.000ns
    Discrete Jitter          (DJ):    0.000ns
    Phase Error              (PE):    0.000ns

    Location             Delay type                Incr(ns)  Path(ns)    Netlist Resource(s)
  -------------------------------------------------------------------    -------------------
                         (clock sys_clk_pin rise edge)
                                                      0.000     0.000 r  
    W5                                                0.000     0.000 r  CLK (IN)
                         net (fo=0)                   0.000     0.000    CLK
    W5                   IBUF (Prop_ibuf_I_O)         1.458     1.458 r  CLK_IBUF_inst/O
                         net (fo=1, routed)           1.967     3.425    CLK_IBUF
    BUFGCTRL_X0Y0        BUFG (Prop_bufg_I_O)         0.096     3.521 r  CLK_IBUF_BUFG_inst/O
                         net (fo=1901, routed)        1.557     5.078    sine_unit/CLK_IBUF_BUFG
    SLICE_X12Y19         FDCE                                         r  sine_unit/curr_Re_reg[3]_replica/C
  -------------------------------------------------------------------    -------------------
    SLICE_X12Y19         FDCE (Prop_fdce_C_Q)         0.518     5.596 r  sine_unit/curr_Re_reg[3]_replica/Q
                         net (fo=4, routed)           1.143     6.739    sine_unit/myScale/curr_Re_reg_n_0_[3]_repN_alias
    DSP48_X0Y15          DSP48E1 (Prop_dsp48e1_A[3]_P[33])
                                                      3.841    10.580 f  sine_unit/myScale/multOp__1/P[33]
                         net (fo=5, routed)           0.834    11.414    sine_unit/myScale/multOp__1_n_72
    SLICE_X13Y45         LUT2 (Prop_lut2_I1_O)        0.124    11.538 r  sine_unit/myScale/sum_1[37]_i_18__11/O
                         net (fo=1, routed)           0.491    12.028    sine_unit/myScale/sum_1[37]_i_18__11_n_0
    SLICE_X15Y39         LUT6 (Prop_lut6_I2_O)        0.124    12.152 r  sine_unit/myScale/sum_1[37]_i_11__11/O
                         net (fo=2, routed)           0.502    12.654    sine_unit/myScale/sum_1[37]_i_11__11_n_0
    SLICE_X14Y39         LUT6 (Prop_lut6_I0_O)        0.124    12.778 r  sine_unit/myScale/sum_1[37]_i_4/O
                         net (fo=2, routed)           0.660    13.438    sine_unit/myScale/sum_1[37]_i_4_n_0
    SLICE_X29Y39         CARRY4 (Prop_carry4_DI[1]_CO[3])
                                                      0.507    13.945 r  sine_unit/myScale/sum_1_reg[37]_i_1/CO[3]
                         net (fo=1, routed)           0.000    13.945    sine_unit/myScale/sum_1_reg[37]_i_1_n_0
    SLICE_X29Y40         CARRY4 (Prop_carry4_CI_CO[3])
                                                      0.114    14.059 r  sine_unit/myScale/sum_1_reg[41]_i_1/CO[3]
                         net (fo=1, routed)           0.000    14.059    sine_unit/myScale/sum_1_reg[41]_i_1_n_0
    SLICE_X29Y41         CARRY4 (Prop_carry4_CI_CO[3])
                                                      0.114    14.173 r  sine_unit/myScale/sum_1_reg[45]_i_1/CO[3]
                         net (fo=1, routed)           0.000    14.173    sine_unit/myScale/sum_1_reg[45]_i_1_n_0
    SLICE_X29Y42         CARRY4 (Prop_carry4_CI_CO[3])
                                                      0.114    14.287 r  sine_unit/myScale/sum_1_reg[49]_i_1/CO[3]
                         net (fo=1, routed)           0.000    14.287    sine_unit/myScale/sum_1_reg[49]_i_1_n_0
    SLICE_X29Y43         CARRY4 (Prop_carry4_CI_CO[3])
                                                      0.114    14.401 r  sine_unit/myScale/sum_1_reg[53]_i_1/CO[3]
                         net (fo=1, routed)           0.000    14.401    sine_unit/myScale/sum_1_reg[53]_i_1_n_0
    SLICE_X29Y44         CARRY4 (Prop_carry4_CI_CO[3])
                                                      0.114    14.515 r  sine_unit/myScale/sum_1_reg[57]_i_1/CO[3]
                         net (fo=1, routed)           0.000    14.515    sine_unit/myScale/sum_1_reg[57]_i_1_n_0
    SLICE_X29Y45         CARRY4 (Prop_carry4_CI_O[1])
                                                      0.334    14.849 r  sine_unit/myScale/sum_1_reg[60]_i_1/O[1]
                         net (fo=1, routed)           0.000    14.849    sine_unit/myScale/plusOp[59]
    SLICE_X29Y45         FDRE                                         r  sine_unit/myScale/sum_1_reg[59]/D
  -------------------------------------------------------------------    -------------------

                         (clock sys_clk_pin rise edge)
                                                     10.000    10.000 r  
    W5                                                0.000    10.000 r  CLK (IN)
                         net (fo=0)                   0.000    10.000    CLK
    W5                   IBUF (Prop_ibuf_I_O)         1.388    11.388 r  CLK_IBUF_inst/O
                         net (fo=1, routed)           1.862    13.250    CLK_IBUF
    BUFGCTRL_X0Y0        BUFG (Prop_bufg_I_O)         0.091    13.341 r  CLK_IBUF_BUFG_inst/O
                         net (fo=1901, routed)        1.447    14.788    sine_unit/myScale/CLK_IBUF_BUFG
    SLICE_X29Y45         FDRE                                         r  sine_unit/myScale/sum_1_reg[59]/C
                         clock pessimism              0.260    15.048    
                         clock uncertainty           -0.035    15.013    
    SLICE_X29Y45         FDRE (Setup_fdre_C_D)        0.062    15.075    sine_unit/myScale/sum_1_reg[59]
  -------------------------------------------------------------------
                         required time                         15.075    
                         arrival time                         -14.849    
  -------------------------------------------------------------------
                         slack                                  0.226    

Slack (MET) :             0.227ns  (required time - arrival time)
  Source:                 sine_unit/step_Im_reg[22]_replica/C
                            (rising edge-triggered cell FDCE clocked by sys_clk_pin  {rise@0.000ns fall@5.000ns period=10.000ns})
  Destination:            sine_unit/mul1/pipe_mul2/sum_1_reg[59]/D
                            (rising edge-triggered cell FDRE clocked by sys_clk_pin  {rise@0.000ns fall@5.000ns period=10.000ns})
  Path Group:             sys_clk_pin
  Path Type:              Setup (Max at Slow Process Corner)
  Requirement:            10.000ns  (sys_clk_pin rise@10.000ns - sys_clk_pin rise@0.000ns)
  Data Path Delay:        9.780ns  (logic 6.210ns (63.495%)  route 3.570ns (36.505%))
  Logic Levels:           11  (CARRY4=7 DSP48E1=1 LUT3=1 LUT4=1 LUT5=1)
  Clock Path Skew:        -0.019ns (DCD - SCD + CPR)
    Destination Clock Delay (DCD):    4.788ns = ( 14.788 - 10.000 ) 
    Source Clock Delay      (SCD):    5.081ns
    Clock Pessimism Removal (CPR):    0.274ns
  Clock Uncertainty:      0.035ns  ((TSJ^2 + TIJ^2)^1/2 + DJ) / 2 + PE
    Total System Jitter     (TSJ):    0.071ns
    Total Input Jitter      (TIJ):    0.000ns
    Discrete Jitter          (DJ):    0.000ns
    Phase Error              (PE):    0.000ns

    Location             Delay type                Incr(ns)  Path(ns)    Netlist Resource(s)
  -------------------------------------------------------------------    -------------------
                         (clock sys_clk_pin rise edge)
                                                      0.000     0.000 r  
    W5                                                0.000     0.000 r  CLK (IN)
                         net (fo=0)                   0.000     0.000    CLK
    W5                   IBUF (Prop_ibuf_I_O)         1.458     1.458 r  CLK_IBUF_inst/O
                         net (fo=1, routed)           1.967     3.425    CLK_IBUF
    BUFGCTRL_X0Y0        BUFG (Prop_bufg_I_O)         0.096     3.521 r  CLK_IBUF_BUFG_inst/O
                         net (fo=1901, routed)        1.560     5.081    sine_unit/CLK_IBUF_BUFG
    SLICE_X54Y31         FDCE                                         r  sine_unit/step_Im_reg[22]_replica/C
  -------------------------------------------------------------------    -------------------
    SLICE_X54Y31         FDCE (Prop_fdce_C_Q)         0.518     5.599 r  sine_unit/step_Im_reg[22]_replica/Q
                         net (fo=5, routed)           0.894     6.493    sine_unit/mul1/pipe_mul2/step_Im[22]_repN_alias
    DSP48_X1Y16          DSP48E1 (Prop_dsp48e1_B[6]_P[16])
                                                      3.656    10.149 r  sine_unit/mul1/pipe_mul2/multOp/P[16]
                         net (fo=2, routed)           1.575    11.724    sine_unit/mul1/pipe_mul2/R[32]
    SLICE_X54Y30         LUT3 (Prop_lut3_I0_O)        0.148    11.872 r  sine_unit/mul1/pipe_mul2/sum_1[37]_i_12__0/O
                         net (fo=2, routed)           0.468    12.340    sine_unit/mul1/pipe_mul2/sum_1[37]_i_12__0_n_0
    SLICE_X54Y30         LUT5 (Prop_lut5_I4_O)        0.328    12.668 r  sine_unit/mul1/pipe_mul2/sum_1[37]_i_5__0/O
                         net (fo=2, routed)           0.633    13.302    sine_unit/mul1/pipe_mul2/sum_1[37]_i_5__0_n_0
    SLICE_X55Y30         LUT4 (Prop_lut4_I0_O)        0.124    13.426 r  sine_unit/mul1/pipe_mul2/sum_1[37]_i_9/O
                         net (fo=1, routed)           0.000    13.426    sine_unit/mul1/pipe_mul2/sum_1[37]_i_9_n_0
    SLICE_X55Y30         CARRY4 (Prop_carry4_S[0]_CO[3])
                                                      0.532    13.958 r  sine_unit/mul1/pipe_mul2/sum_1_reg[37]_i_1/CO[3]
                         net (fo=1, routed)           0.000    13.958    sine_unit/mul1/pipe_mul2/sum_1_reg[37]_i_1_n_0
    SLICE_X55Y31         CARRY4 (Prop_carry4_CI_CO[3])
                                                      0.114    14.072 r  sine_unit/mul1/pipe_mul2/sum_1_reg[41]_i_1/CO[3]
                         net (fo=1, routed)           0.000    14.072    sine_unit/mul1/pipe_mul2/sum_1_reg[41]_i_1_n_0
    SLICE_X55Y32         CARRY4 (Prop_carry4_CI_CO[3])
                                                      0.114    14.186 r  sine_unit/mul1/pipe_mul2/sum_1_reg[45]_i_1/CO[3]
                         net (fo=1, routed)           0.000    14.186    sine_unit/mul1/pipe_mul2/sum_1_reg[45]_i_1_n_0
    SLICE_X55Y33         CARRY4 (Prop_carry4_CI_CO[3])
                                                      0.114    14.300 r  sine_unit/mul1/pipe_mul2/sum_1_reg[49]_i_1/CO[3]
                         net (fo=1, routed)           0.000    14.300    sine_unit/mul1/pipe_mul2/sum_1_reg[49]_i_1_n_0
    SLICE_X55Y34         CARRY4 (Prop_carry4_CI_CO[3])
                                                      0.114    14.414 r  sine_unit/mul1/pipe_mul2/sum_1_reg[53]_i_1/CO[3]
                         net (fo=1, routed)           0.000    14.414    sine_unit/mul1/pipe_mul2/sum_1_reg[53]_i_1_n_0
    SLICE_X55Y35         CARRY4 (Prop_carry4_CI_CO[3])
                                                      0.114    14.528 r  sine_unit/mul1/pipe_mul2/sum_1_reg[57]_i_1/CO[3]
                         net (fo=1, routed)           0.000    14.528    sine_unit/mul1/pipe_mul2/sum_1_reg[57]_i_1_n_0
    SLICE_X55Y36         CARRY4 (Prop_carry4_CI_O[1])
                                                      0.334    14.862 r  sine_unit/mul1/pipe_mul2/sum_1_reg[61]_i_1/O[1]
                         net (fo=1, routed)           0.000    14.862    sine_unit/mul1/pipe_mul2/plusOp[59]
    SLICE_X55Y36         FDRE                                         r  sine_unit/mul1/pipe_mul2/sum_1_reg[59]/D
  -------------------------------------------------------------------    -------------------

                         (clock sys_clk_pin rise edge)
                                                     10.000    10.000 r  
    W5                                                0.000    10.000 r  CLK (IN)
                         net (fo=0)                   0.000    10.000    CLK
    W5                   IBUF (Prop_ibuf_I_O)         1.388    11.388 r  CLK_IBUF_inst/O
                         net (fo=1, routed)           1.862    13.250    CLK_IBUF
    BUFGCTRL_X0Y0        BUFG (Prop_bufg_I_O)         0.091    13.341 r  CLK_IBUF_BUFG_inst/O
                         net (fo=1901, routed)        1.447    14.788    sine_unit/mul1/pipe_mul2/CLK_IBUF_BUFG
    SLICE_X55Y36         FDRE                                         r  sine_unit/mul1/pipe_mul2/sum_1_reg[59]/C
                         clock pessimism              0.274    15.062    
                         clock uncertainty           -0.035    15.027    
    SLICE_X55Y36         FDRE (Setup_fdre_C_D)        0.062    15.089    sine_unit/mul1/pipe_mul2/sum_1_reg[59]
  -------------------------------------------------------------------
                         required time                         15.089    
                         arrival time                         -14.862    
  -------------------------------------------------------------------
                         slack                                  0.227    

Slack (MET) :             0.229ns  (required time - arrival time)
  Source:                 sine_unit/step_Re_reg[9]_replica/C
                            (rising edge-triggered cell FDCE clocked by sys_clk_pin  {rise@0.000ns fall@5.000ns period=10.000ns})
  Destination:            sine_unit/mul1/pipe_mul3/sum_1_reg[59]/D
                            (rising edge-triggered cell FDRE clocked by sys_clk_pin  {rise@0.000ns fall@5.000ns period=10.000ns})
  Path Group:             sys_clk_pin
  Path Type:              Setup (Max at Slow Process Corner)
  Requirement:            10.000ns  (sys_clk_pin rise@10.000ns - sys_clk_pin rise@0.000ns)
  Data Path Delay:        9.698ns  (logic 6.517ns (67.196%)  route 3.181ns (32.804%))
  Logic Levels:           14  (CARRY4=11 DSP48E1=1 LUT5=1 LUT6=1)
  Clock Path Skew:        -0.099ns (DCD - SCD + CPR)
    Destination Clock Delay (DCD):    4.786ns = ( 14.786 - 10.000 ) 
    Source Clock Delay      (SCD):    5.073ns
    Clock Pessimism Removal (CPR):    0.188ns
  Clock Uncertainty:      0.035ns  ((TSJ^2 + TIJ^2)^1/2 + DJ) / 2 + PE
    Total System Jitter     (TSJ):    0.071ns
    Total Input Jitter      (TIJ):    0.000ns
    Discrete Jitter          (DJ):    0.000ns
    Phase Error              (PE):    0.000ns

    Location             Delay type                Incr(ns)  Path(ns)    Netlist Resource(s)
  -------------------------------------------------------------------    -------------------
                         (clock sys_clk_pin rise edge)
                                                      0.000     0.000 r  
    W5                                                0.000     0.000 r  CLK (IN)
                         net (fo=0)                   0.000     0.000    CLK
    W5                   IBUF (Prop_ibuf_I_O)         1.458     1.458 r  CLK_IBUF_inst/O
                         net (fo=1, routed)           1.967     3.425    CLK_IBUF
    BUFGCTRL_X0Y0        BUFG (Prop_bufg_I_O)         0.096     3.521 r  CLK_IBUF_BUFG_inst/O
                         net (fo=1901, routed)        1.552     5.073    sine_unit/CLK_IBUF_BUFG
    SLICE_X12Y22         FDCE                                         r  sine_unit/step_Re_reg[9]_replica/C
  -------------------------------------------------------------------    -------------------
    SLICE_X12Y22         FDCE (Prop_fdce_C_Q)         0.518     5.591 r  sine_unit/step_Re_reg[9]_replica/Q
                         net (fo=7, routed)           0.441     6.033    sine_unit/mul1/pipe_mul3/step_Re_reg_n_0_[9]_repN_alias
    DSP48_X0Y8           DSP48E1 (Prop_dsp48e1_A[9]_P[18])
                                                      3.841     9.874 r  sine_unit/mul1/pipe_mul3/multOp__1/P[18]
                         net (fo=4, routed)           2.113    11.986    sine_unit/mul1/pipe_mul3/multOp__1_n_87
    SLICE_X48Y23         LUT6 (Prop_lut6_I2_O)        0.124    12.110 r  sine_unit/mul1/pipe_mul3/sum_1[33]_i_38__1/O
                         net (fo=2, routed)           0.618    12.729    sine_unit/mul1/pipe_mul3/sum_1[33]_i_38__1_n_0
    SLICE_X48Y24         LUT5 (Prop_lut5_I0_O)        0.124    12.853 r  sine_unit/mul1/pipe_mul3/sum_1[33]_i_42/O
                         net (fo=1, routed)           0.000    12.853    sine_unit/mul1/pipe_mul3/sum_1[33]_i_42_n_0
    SLICE_X48Y24         CARRY4 (Prop_carry4_S[1]_CO[3])
                                                      0.550    13.403 r  sine_unit/mul1/pipe_mul3/sum_1_reg[33]_i_23/CO[3]
                         net (fo=1, routed)           0.009    13.412    sine_unit/mul1/pipe_mul3/sum_1_reg[33]_i_23_n_0
    SLICE_X48Y25         CARRY4 (Prop_carry4_CI_CO[3])
                                                      0.114    13.526 r  sine_unit/mul1/pipe_mul3/sum_1_reg[33]_i_11/CO[3]
                         net (fo=1, routed)           0.000    13.526    sine_unit/mul1/pipe_mul3/sum_1_reg[33]_i_11_n_0
    SLICE_X48Y26         CARRY4 (Prop_carry4_CI_CO[3])
                                                      0.114    13.640 r  sine_unit/mul1/pipe_mul3/sum_1_reg[33]_i_2/CO[3]
                         net (fo=1, routed)           0.000    13.640    sine_unit/mul1/pipe_mul3/sum_1_reg[33]_i_2_n_0
    SLICE_X48Y27         CARRY4 (Prop_carry4_CI_CO[3])
                                                      0.114    13.754 r  sine_unit/mul1/pipe_mul3/sum_1_reg[33]_i_1/CO[3]
                         net (fo=1, routed)           0.000    13.754    sine_unit/mul1/pipe_mul3/sum_1_reg[33]_i_1_n_0
    SLICE_X48Y28         CARRY4 (Prop_carry4_CI_CO[3])
                                                      0.114    13.868 r  sine_unit/mul1/pipe_mul3/sum_1_reg[37]_i_1/CO[3]
                         net (fo=1, routed)           0.000    13.868    sine_unit/mul1/pipe_mul3/sum_1_reg[37]_i_1_n_0
    SLICE_X48Y29         CARRY4 (Prop_carry4_CI_CO[3])
                                                      0.114    13.982 r  sine_unit/mul1/pipe_mul3/sum_1_reg[41]_i_1/CO[3]
                         net (fo=1, routed)           0.000    13.982    sine_unit/mul1/pipe_mul3/sum_1_reg[41]_i_1_n_0
    SLICE_X48Y30         CARRY4 (Prop_carry4_CI_CO[3])
                                                      0.114    14.096 r  sine_unit/mul1/pipe_mul3/sum_1_reg[45]_i_1/CO[3]
                         net (fo=1, routed)           0.000    14.096    sine_unit/mul1/pipe_mul3/sum_1_reg[45]_i_1_n_0
    SLICE_X48Y31         CARRY4 (Prop_carry4_CI_CO[3])
                                                      0.114    14.210 r  sine_unit/mul1/pipe_mul3/sum_1_reg[49]_i_1/CO[3]
                         net (fo=1, routed)           0.000    14.210    sine_unit/mul1/pipe_mul3/sum_1_reg[49]_i_1_n_0
    SLICE_X48Y32         CARRY4 (Prop_carry4_CI_CO[3])
                                                      0.114    14.324 r  sine_unit/mul1/pipe_mul3/sum_1_reg[53]_i_1/CO[3]
                         net (fo=1, routed)           0.000    14.324    sine_unit/mul1/pipe_mul3/sum_1_reg[53]_i_1_n_0
    SLICE_X48Y33         CARRY4 (Prop_carry4_CI_CO[3])
                                                      0.114    14.438 r  sine_unit/mul1/pipe_mul3/sum_1_reg[57]_i_1/CO[3]
                         net (fo=1, routed)           0.000    14.438    sine_unit/mul1/pipe_mul3/sum_1_reg[57]_i_1_n_0
    SLICE_X48Y34         CARRY4 (Prop_carry4_CI_O[1])
                                                      0.334    14.772 r  sine_unit/mul1/pipe_mul3/sum_1_reg[61]_i_1/O[1]
                         net (fo=1, routed)           0.000    14.772    sine_unit/mul1/pipe_mul3/plusOp[59]
    SLICE_X48Y34         FDRE                                         r  sine_unit/mul1/pipe_mul3/sum_1_reg[59]/D
  -------------------------------------------------------------------    -------------------

                         (clock sys_clk_pin rise edge)
                                                     10.000    10.000 r  
    W5                                                0.000    10.000 r  CLK (IN)
                         net (fo=0)                   0.000    10.000    CLK
    W5                   IBUF (Prop_ibuf_I_O)         1.388    11.388 r  CLK_IBUF_inst/O
                         net (fo=1, routed)           1.862    13.250    CLK_IBUF
    BUFGCTRL_X0Y0        BUFG (Prop_bufg_I_O)         0.091    13.341 r  CLK_IBUF_BUFG_inst/O
                         net (fo=1901, routed)        1.445    14.786    sine_unit/mul1/pipe_mul3/CLK_IBUF_BUFG
    SLICE_X48Y34         FDRE                                         r  sine_unit/mul1/pipe_mul3/sum_1_reg[59]/C
                         clock pessimism              0.188    14.974    
                         clock uncertainty           -0.035    14.939    
    SLICE_X48Y34         FDRE (Setup_fdre_C_D)        0.062    15.001    sine_unit/mul1/pipe_mul3/sum_1_reg[59]
  -------------------------------------------------------------------
                         required time                         15.001    
                         arrival time                         -14.772    
  -------------------------------------------------------------------
                         slack                                  0.229    

Slack (MET) :             0.238ns  (required time - arrival time)
  Source:                 sine_unit/step_Re_reg[31]/C
                            (rising edge-triggered cell FDCE clocked by sys_clk_pin  {rise@0.000ns fall@5.000ns period=10.000ns})
  Destination:            sine_unit/mul2/pipe_mul4/sum_1_reg[60]/D
                            (rising edge-triggered cell FDRE clocked by sys_clk_pin  {rise@0.000ns fall@5.000ns period=10.000ns})
  Path Group:             sys_clk_pin
  Path Type:              Setup (Max at Slow Process Corner)
  Requirement:            10.000ns  (sys_clk_pin rise@10.000ns - sys_clk_pin rise@0.000ns)
  Data Path Delay:        9.666ns  (logic 5.905ns (61.093%)  route 3.761ns (38.907%))
  Logic Levels:           11  (CARRY4=7 DSP48E1=1 LUT6=3)
  Clock Path Skew:        -0.123ns (DCD - SCD + CPR)
    Destination Clock Delay (DCD):    4.774ns = ( 14.774 - 10.000 ) 
    Source Clock Delay      (SCD):    5.085ns
    Clock Pessimism Removal (CPR):    0.188ns
  Clock Uncertainty:      0.035ns  ((TSJ^2 + TIJ^2)^1/2 + DJ) / 2 + PE
    Total System Jitter     (TSJ):    0.071ns
    Total Input Jitter      (TIJ):    0.000ns
    Discrete Jitter          (DJ):    0.000ns
    Phase Error              (PE):    0.000ns

    Location             Delay type                Incr(ns)  Path(ns)    Netlist Resource(s)
  -------------------------------------------------------------------    -------------------
                         (clock sys_clk_pin rise edge)
                                                      0.000     0.000 r  
    W5                                                0.000     0.000 r  CLK (IN)
                         net (fo=0)                   0.000     0.000    CLK
    W5                   IBUF (Prop_ibuf_I_O)         1.458     1.458 r  CLK_IBUF_inst/O
                         net (fo=1, routed)           1.967     3.425    CLK_IBUF
    BUFGCTRL_X0Y0        BUFG (Prop_bufg_I_O)         0.096     3.521 r  CLK_IBUF_BUFG_inst/O
                         net (fo=1901, routed)        1.564     5.085    sine_unit/CLK_IBUF_BUFG
    SLICE_X54Y34         FDCE                                         r  sine_unit/step_Re_reg[31]/C
  -------------------------------------------------------------------    -------------------
    SLICE_X54Y34         FDCE (Prop_fdce_C_Q)         0.518     5.603 r  sine_unit/step_Re_reg[31]/Q
                         net (fo=39, routed)          1.285     6.888    sine_unit/mul2/pipe_mul4/multOp__0_0[31]
    DSP48_X1Y7           DSP48E1 (Prop_dsp48e1_B[15]_P[17])
                                                      3.656    10.544 r  sine_unit/mul2/pipe_mul4/multOp__0/P[17]
                         net (fo=4, routed)           1.823    12.367    sine_unit/mul2/pipe_mul4/R0_in[33]
    SLICE_X34Y23         LUT6 (Prop_lut6_I1_O)        0.124    12.491 r  sine_unit/mul2/pipe_mul4/sum_1[37]_i_11__6/O
                         net (fo=2, routed)           0.338    12.830    sine_unit/mul2/pipe_mul4/sum_1[37]_i_11__6_n_0
    SLICE_X32Y24         LUT6 (Prop_lut6_I0_O)        0.124    12.954 r  sine_unit/mul2/pipe_mul4/sum_1[37]_i_4/O
                         net (fo=2, routed)           0.305    13.259    sine_unit/mul2/pipe_mul4/sum_1[37]_i_4_n_0
    SLICE_X35Y24         LUT6 (Prop_lut6_I0_O)        0.124    13.383 r  sine_unit/mul2/pipe_mul4/sum_1[37]_i_8/O
                         net (fo=1, routed)           0.000    13.383    sine_unit/mul2/pipe_mul4/sum_1[37]_i_8_n_0
    SLICE_X35Y24         CARRY4 (Prop_carry4_S[1]_CO[3])
                                                      0.550    13.933 r  sine_unit/mul2/pipe_mul4/sum_1_reg[37]_i_1/CO[3]
                         net (fo=1, routed)           0.009    13.942    sine_unit/mul2/pipe_mul4/sum_1_reg[37]_i_1_n_0
    SLICE_X35Y25         CARRY4 (Prop_carry4_CI_CO[3])
                                                      0.114    14.056 r  sine_unit/mul2/pipe_mul4/sum_1_reg[41]_i_1/CO[3]
                         net (fo=1, routed)           0.000    14.056    sine_unit/mul2/pipe_mul4/sum_1_reg[41]_i_1_n_0
    SLICE_X35Y26         CARRY4 (Prop_carry4_CI_CO[3])
                                                      0.114    14.170 r  sine_unit/mul2/pipe_mul4/sum_1_reg[45]_i_1/CO[3]
                         net (fo=1, routed)           0.000    14.170    sine_unit/mul2/pipe_mul4/sum_1_reg[45]_i_1_n_0
    SLICE_X35Y27         CARRY4 (Prop_carry4_CI_CO[3])
                                                      0.114    14.284 r  sine_unit/mul2/pipe_mul4/sum_1_reg[49]_i_1/CO[3]
                         net (fo=1, routed)           0.000    14.284    sine_unit/mul2/pipe_mul4/sum_1_reg[49]_i_1_n_0
    SLICE_X35Y28         CARRY4 (Prop_carry4_CI_CO[3])
                                                      0.114    14.398 r  sine_unit/mul2/pipe_mul4/sum_1_reg[53]_i_1/CO[3]
                         net (fo=1, routed)           0.000    14.398    sine_unit/mul2/pipe_mul4/sum_1_reg[53]_i_1_n_0
    SLICE_X35Y29         CARRY4 (Prop_carry4_CI_CO[3])
                                                      0.114    14.512 r  sine_unit/mul2/pipe_mul4/sum_1_reg[57]_i_1/CO[3]
                         net (fo=1, routed)           0.000    14.512    sine_unit/mul2/pipe_mul4/sum_1_reg[57]_i_1_n_0
    SLICE_X35Y30         CARRY4 (Prop_carry4_CI_O[2])
                                                      0.239    14.751 r  sine_unit/mul2/pipe_mul4/sum_1_reg[61]_i_1/O[2]
                         net (fo=1, routed)           0.000    14.751    sine_unit/mul2/pipe_mul4/plusOp[60]
    SLICE_X35Y30         FDRE                                         r  sine_unit/mul2/pipe_mul4/sum_1_reg[60]/D
  -------------------------------------------------------------------    -------------------

                         (clock sys_clk_pin rise edge)
                                                     10.000    10.000 r  
    W5                                                0.000    10.000 r  CLK (IN)
                         net (fo=0)                   0.000    10.000    CLK
    W5                   IBUF (Prop_ibuf_I_O)         1.388    11.388 r  CLK_IBUF_inst/O
                         net (fo=1, routed)           1.862    13.250    CLK_IBUF
    BUFGCTRL_X0Y0        BUFG (Prop_bufg_I_O)         0.091    13.341 r  CLK_IBUF_BUFG_inst/O
                         net (fo=1901, routed)        1.433    14.774    sine_unit/mul2/pipe_mul4/CLK_IBUF_BUFG
    SLICE_X35Y30         FDRE                                         r  sine_unit/mul2/pipe_mul4/sum_1_reg[60]/C
                         clock pessimism              0.188    14.962    
                         clock uncertainty           -0.035    14.927    
    SLICE_X35Y30         FDRE (Setup_fdre_C_D)        0.062    14.989    sine_unit/mul2/pipe_mul4/sum_1_reg[60]
  -------------------------------------------------------------------
                         required time                         14.989    
                         arrival time                         -14.751    
  -------------------------------------------------------------------
                         slack                                  0.238    

Slack (MET) :             0.245ns  (required time - arrival time)
  Source:                 sine_unit/step_Re_reg[12]/C
                            (rising edge-triggered cell FDCE clocked by sys_clk_pin  {rise@0.000ns fall@5.000ns period=10.000ns})
  Destination:            sine_unit/mul2/pipe_mul1/sum_1_reg[59]/D
                            (rising edge-triggered cell FDRE clocked by sys_clk_pin  {rise@0.000ns fall@5.000ns period=10.000ns})
  Path Group:             sys_clk_pin
  Path Type:              Setup (Max at Slow Process Corner)
  Requirement:            10.000ns  (sys_clk_pin rise@10.000ns - sys_clk_pin rise@0.000ns)
  Data Path Delay:        9.759ns  (logic 6.437ns (65.958%)  route 3.322ns (34.042%))
  Logic Levels:           14  (CARRY4=11 DSP48E1=1 LUT5=1 LUT6=1)
  Clock Path Skew:        -0.022ns (DCD - SCD + CPR)
    Destination Clock Delay (DCD):    4.790ns = ( 14.790 - 10.000 ) 
    Source Clock Delay      (SCD):    5.072ns
    Clock Pessimism Removal (CPR):    0.260ns
  Clock Uncertainty:      0.035ns  ((TSJ^2 + TIJ^2)^1/2 + DJ) / 2 + PE
    Total System Jitter     (TSJ):    0.071ns
    Total Input Jitter      (TIJ):    0.000ns
    Discrete Jitter          (DJ):    0.000ns
    Phase Error              (PE):    0.000ns

    Location             Delay type                Incr(ns)  Path(ns)    Netlist Resource(s)
  -------------------------------------------------------------------    -------------------
                         (clock sys_clk_pin rise edge)
                                                      0.000     0.000 r  
    W5                                                0.000     0.000 r  CLK (IN)
                         net (fo=0)                   0.000     0.000    CLK
    W5                   IBUF (Prop_ibuf_I_O)         1.458     1.458 r  CLK_IBUF_inst/O
                         net (fo=1, routed)           1.967     3.425    CLK_IBUF
    BUFGCTRL_X0Y0        BUFG (Prop_bufg_I_O)         0.096     3.521 r  CLK_IBUF_BUFG_inst/O
                         net (fo=1901, routed)        1.551     5.072    sine_unit/CLK_IBUF_BUFG
    SLICE_X15Y23         FDCE                                         r  sine_unit/step_Re_reg[12]/C
  -------------------------------------------------------------------    -------------------
    SLICE_X15Y23         FDCE (Prop_fdce_C_Q)         0.456     5.528 r  sine_unit/step_Re_reg[12]/Q
                         net (fo=7, routed)           1.294     6.822    sine_unit/mul2/pipe_mul1/multOp__0_0[12]
    DSP48_X0Y16          DSP48E1 (Prop_dsp48e1_A[12]_P[1])
                                                      3.841    10.663 r  sine_unit/mul2/pipe_mul1/multOp/P[1]
                         net (fo=3, routed)           1.375    12.038    sine_unit/mul2/pipe_mul1/R[17]
    SLICE_X11Y32         LUT6 (Prop_lut6_I1_O)        0.124    12.162 r  sine_unit/mul2/pipe_mul1/sum_1[33]_i_39__3/O
                         net (fo=2, routed)           0.653    12.816    sine_unit/mul2/pipe_mul1/sum_1[33]_i_39__3_n_0
    SLICE_X9Y32          LUT5 (Prop_lut5_I0_O)        0.124    12.940 r  sine_unit/mul2/pipe_mul1/sum_1[33]_i_43/O
                         net (fo=1, routed)           0.000    12.940    sine_unit/mul2/pipe_mul1/sum_1[33]_i_43_n_0
    SLICE_X9Y32          CARRY4 (Prop_carry4_S[0]_CO[3])
                                                      0.532    13.472 r  sine_unit/mul2/pipe_mul1/sum_1_reg[33]_i_23/CO[3]
                         net (fo=1, routed)           0.000    13.472    sine_unit/mul2/pipe_mul1/sum_1_reg[33]_i_23_n_0
    SLICE_X9Y33          CARRY4 (Prop_carry4_CI_CO[3])
                                                      0.114    13.586 r  sine_unit/mul2/pipe_mul1/sum_1_reg[33]_i_11/CO[3]
                         net (fo=1, routed)           0.000    13.586    sine_unit/mul2/pipe_mul1/sum_1_reg[33]_i_11_n_0
    SLICE_X9Y34          CARRY4 (Prop_carry4_CI_CO[3])
                                                      0.114    13.700 r  sine_unit/mul2/pipe_mul1/sum_1_reg[33]_i_2/CO[3]
                         net (fo=1, routed)           0.000    13.700    sine_unit/mul2/pipe_mul1/sum_1_reg[33]_i_2_n_0
    SLICE_X9Y35          CARRY4 (Prop_carry4_CI_CO[3])
                                                      0.114    13.814 r  sine_unit/mul2/pipe_mul1/sum_1_reg[33]_i_1/CO[3]
                         net (fo=1, routed)           0.000    13.814    sine_unit/mul2/pipe_mul1/sum_1_reg[33]_i_1_n_0
    SLICE_X9Y36          CARRY4 (Prop_carry4_CI_CO[3])
                                                      0.114    13.928 r  sine_unit/mul2/pipe_mul1/sum_1_reg[37]_i_1/CO[3]
                         net (fo=1, routed)           0.000    13.928    sine_unit/mul2/pipe_mul1/sum_1_reg[37]_i_1_n_0
    SLICE_X9Y37          CARRY4 (Prop_carry4_CI_CO[3])
                                                      0.114    14.042 r  sine_unit/mul2/pipe_mul1/sum_1_reg[41]_i_1/CO[3]
                         net (fo=1, routed)           0.000    14.042    sine_unit/mul2/pipe_mul1/sum_1_reg[41]_i_1_n_0
    SLICE_X9Y38          CARRY4 (Prop_carry4_CI_CO[3])
                                                      0.114    14.156 r  sine_unit/mul2/pipe_mul1/sum_1_reg[45]_i_1/CO[3]
                         net (fo=1, routed)           0.000    14.156    sine_unit/mul2/pipe_mul1/sum_1_reg[45]_i_1_n_0
    SLICE_X9Y39          CARRY4 (Prop_carry4_CI_CO[3])
                                                      0.114    14.270 r  sine_unit/mul2/pipe_mul1/sum_1_reg[49]_i_1/CO[3]
                         net (fo=1, routed)           0.000    14.270    sine_unit/mul2/pipe_mul1/sum_1_reg[49]_i_1_n_0
    SLICE_X9Y40          CARRY4 (Prop_carry4_CI_CO[3])
                                                      0.114    14.384 r  sine_unit/mul2/pipe_mul1/sum_1_reg[53]_i_1/CO[3]
                         net (fo=1, routed)           0.000    14.384    sine_unit/mul2/pipe_mul1/sum_1_reg[53]_i_1_n_0
    SLICE_X9Y41          CARRY4 (Prop_carry4_CI_CO[3])
                                                      0.114    14.498 r  sine_unit/mul2/pipe_mul1/sum_1_reg[57]_i_1/CO[3]
                         net (fo=1, routed)           0.000    14.498    sine_unit/mul2/pipe_mul1/sum_1_reg[57]_i_1_n_0
    SLICE_X9Y42          CARRY4 (Prop_carry4_CI_O[1])
                                                      0.334    14.832 r  sine_unit/mul2/pipe_mul1/sum_1_reg[61]_i_1/O[1]
                         net (fo=1, routed)           0.000    14.832    sine_unit/mul2/pipe_mul1/plusOp[59]
    SLICE_X9Y42          FDRE                                         r  sine_unit/mul2/pipe_mul1/sum_1_reg[59]/D
  -------------------------------------------------------------------    -------------------

                         (clock sys_clk_pin rise edge)
                                                     10.000    10.000 r  
    W5                                                0.000    10.000 r  CLK (IN)
                         net (fo=0)                   0.000    10.000    CLK
    W5                   IBUF (Prop_ibuf_I_O)         1.388    11.388 r  CLK_IBUF_inst/O
                         net (fo=1, routed)           1.862    13.250    CLK_IBUF
    BUFGCTRL_X0Y0        BUFG (Prop_bufg_I_O)         0.091    13.341 r  CLK_IBUF_BUFG_inst/O
                         net (fo=1901, routed)        1.449    14.790    sine_unit/mul2/pipe_mul1/CLK_IBUF_BUFG
    SLICE_X9Y42          FDRE                                         r  sine_unit/mul2/pipe_mul1/sum_1_reg[59]/C
                         clock pessimism              0.260    15.050    
                         clock uncertainty           -0.035    15.015    
    SLICE_X9Y42          FDRE (Setup_fdre_C_D)        0.062    15.077    sine_unit/mul2/pipe_mul1/sum_1_reg[59]
  -------------------------------------------------------------------
                         required time                         15.077    
                         arrival time                         -14.832    
  -------------------------------------------------------------------
                         slack                                  0.245    

Slack (MET) :             0.248ns  (required time - arrival time)
  Source:                 sine_unit/step_Im_reg[22]_replica/C
                            (rising edge-triggered cell FDCE clocked by sys_clk_pin  {rise@0.000ns fall@5.000ns period=10.000ns})
  Destination:            sine_unit/mul1/pipe_mul2/sum_1_reg[61]/D
                            (rising edge-triggered cell FDRE clocked by sys_clk_pin  {rise@0.000ns fall@5.000ns period=10.000ns})
  Path Group:             sys_clk_pin
  Path Type:              Setup (Max at Slow Process Corner)
  Requirement:            10.000ns  (sys_clk_pin rise@10.000ns - sys_clk_pin rise@0.000ns)
  Data Path Delay:        9.759ns  (logic 6.189ns (63.416%)  route 3.570ns (36.584%))
  Logic Levels:           11  (CARRY4=7 DSP48E1=1 LUT3=1 LUT4=1 LUT5=1)
  Clock Path Skew:        -0.019ns (DCD - SCD + CPR)
    Destination Clock Delay (DCD):    4.788ns = ( 14.788 - 10.000 ) 
    Source Clock Delay      (SCD):    5.081ns
    Clock Pessimism Removal (CPR):    0.274ns
  Clock Uncertainty:      0.035ns  ((TSJ^2 + TIJ^2)^1/2 + DJ) / 2 + PE
    Total System Jitter     (TSJ):    0.071ns
    Total Input Jitter      (TIJ):    0.000ns
    Discrete Jitter          (DJ):    0.000ns
    Phase Error              (PE):    0.000ns

    Location             Delay type                Incr(ns)  Path(ns)    Netlist Resource(s)
  -------------------------------------------------------------------    -------------------
                         (clock sys_clk_pin rise edge)
                                                      0.000     0.000 r  
    W5                                                0.000     0.000 r  CLK (IN)
                         net (fo=0)                   0.000     0.000    CLK
    W5                   IBUF (Prop_ibuf_I_O)         1.458     1.458 r  CLK_IBUF_inst/O
                         net (fo=1, routed)           1.967     3.425    CLK_IBUF
    BUFGCTRL_X0Y0        BUFG (Prop_bufg_I_O)         0.096     3.521 r  CLK_IBUF_BUFG_inst/O
                         net (fo=1901, routed)        1.560     5.081    sine_unit/CLK_IBUF_BUFG
    SLICE_X54Y31         FDCE                                         r  sine_unit/step_Im_reg[22]_replica/C
  -------------------------------------------------------------------    -------------------
    SLICE_X54Y31         FDCE (Prop_fdce_C_Q)         0.518     5.599 r  sine_unit/step_Im_reg[22]_replica/Q
                         net (fo=5, routed)           0.894     6.493    sine_unit/mul1/pipe_mul2/step_Im[22]_repN_alias
    DSP48_X1Y16          DSP48E1 (Prop_dsp48e1_B[6]_P[16])
                                                      3.656    10.149 r  sine_unit/mul1/pipe_mul2/multOp/P[16]
                         net (fo=2, routed)           1.575    11.724    sine_unit/mul1/pipe_mul2/R[32]
    SLICE_X54Y30         LUT3 (Prop_lut3_I0_O)        0.148    11.872 r  sine_unit/mul1/pipe_mul2/sum_1[37]_i_12__0/O
                         net (fo=2, routed)           0.468    12.340    sine_unit/mul1/pipe_mul2/sum_1[37]_i_12__0_n_0
    SLICE_X54Y30         LUT5 (Prop_lut5_I4_O)        0.328    12.668 r  sine_unit/mul1/pipe_mul2/sum_1[37]_i_5__0/O
                         net (fo=2, routed)           0.633    13.302    sine_unit/mul1/pipe_mul2/sum_1[37]_i_5__0_n_0
    SLICE_X55Y30         LUT4 (Prop_lut4_I0_O)        0.124    13.426 r  sine_unit/mul1/pipe_mul2/sum_1[37]_i_9/O
                         net (fo=1, routed)           0.000    13.426    sine_unit/mul1/pipe_mul2/sum_1[37]_i_9_n_0
    SLICE_X55Y30         CARRY4 (Prop_carry4_S[0]_CO[3])
                                                      0.532    13.958 r  sine_unit/mul1/pipe_mul2/sum_1_reg[37]_i_1/CO[3]
                         net (fo=1, routed)           0.000    13.958    sine_unit/mul1/pipe_mul2/sum_1_reg[37]_i_1_n_0
    SLICE_X55Y31         CARRY4 (Prop_carry4_CI_CO[3])
                                                      0.114    14.072 r  sine_unit/mul1/pipe_mul2/sum_1_reg[41]_i_1/CO[3]
                         net (fo=1, routed)           0.000    14.072    sine_unit/mul1/pipe_mul2/sum_1_reg[41]_i_1_n_0
    SLICE_X55Y32         CARRY4 (Prop_carry4_CI_CO[3])
                                                      0.114    14.186 r  sine_unit/mul1/pipe_mul2/sum_1_reg[45]_i_1/CO[3]
                         net (fo=1, routed)           0.000    14.186    sine_unit/mul1/pipe_mul2/sum_1_reg[45]_i_1_n_0
    SLICE_X55Y33         CARRY4 (Prop_carry4_CI_CO[3])
                                                      0.114    14.300 r  sine_unit/mul1/pipe_mul2/sum_1_reg[49]_i_1/CO[3]
                         net (fo=1, routed)           0.000    14.300    sine_unit/mul1/pipe_mul2/sum_1_reg[49]_i_1_n_0
    SLICE_X55Y34         CARRY4 (Prop_carry4_CI_CO[3])
                                                      0.114    14.414 r  sine_unit/mul1/pipe_mul2/sum_1_reg[53]_i_1/CO[3]
                         net (fo=1, routed)           0.000    14.414    sine_unit/mul1/pipe_mul2/sum_1_reg[53]_i_1_n_0
    SLICE_X55Y35         CARRY4 (Prop_carry4_CI_CO[3])
                                                      0.114    14.528 r  sine_unit/mul1/pipe_mul2/sum_1_reg[57]_i_1/CO[3]
                         net (fo=1, routed)           0.000    14.528    sine_unit/mul1/pipe_mul2/sum_1_reg[57]_i_1_n_0
    SLICE_X55Y36         CARRY4 (Prop_carry4_CI_O[3])
                                                      0.313    14.841 r  sine_unit/mul1/pipe_mul2/sum_1_reg[61]_i_1/O[3]
                         net (fo=1, routed)           0.000    14.841    sine_unit/mul1/pipe_mul2/plusOp[61]
    SLICE_X55Y36         FDRE                                         r  sine_unit/mul1/pipe_mul2/sum_1_reg[61]/D
  -------------------------------------------------------------------    -------------------

                         (clock sys_clk_pin rise edge)
                                                     10.000    10.000 r  
    W5                                                0.000    10.000 r  CLK (IN)
                         net (fo=0)                   0.000    10.000    CLK
    W5                   IBUF (Prop_ibuf_I_O)         1.388    11.388 r  CLK_IBUF_inst/O
                         net (fo=1, routed)           1.862    13.250    CLK_IBUF
    BUFGCTRL_X0Y0        BUFG (Prop_bufg_I_O)         0.091    13.341 r  CLK_IBUF_BUFG_inst/O
                         net (fo=1901, routed)        1.447    14.788    sine_unit/mul1/pipe_mul2/CLK_IBUF_BUFG
    SLICE_X55Y36         FDRE                                         r  sine_unit/mul1/pipe_mul2/sum_1_reg[61]/C
                         clock pessimism              0.274    15.062    
                         clock uncertainty           -0.035    15.027    
    SLICE_X55Y36         FDRE (Setup_fdre_C_D)        0.062    15.089    sine_unit/mul1/pipe_mul2/sum_1_reg[61]
  -------------------------------------------------------------------
                         required time                         15.089    
                         arrival time                         -14.841    
  -------------------------------------------------------------------
                         slack                                  0.248    





Min Delay Paths
--------------------------------------------------------------------------------------
Slack (MET) :             0.127ns  (arrival time - required time)
  Source:                 uart_unit/din01_reg[5]/C
                            (rising edge-triggered cell FDRE clocked by sys_clk_pin  {rise@0.000ns fall@5.000ns period=10.000ns})
  Destination:            myLut1/ram_reg_0/DIADI[5]
                            (rising edge-triggered cell RAMB36E1 clocked by sys_clk_pin  {rise@0.000ns fall@5.000ns period=10.000ns})
  Path Group:             sys_clk_pin
  Path Type:              Hold (Min at Fast Process Corner)
  Requirement:            0.000ns  (sys_clk_pin rise@0.000ns - sys_clk_pin rise@0.000ns)
  Data Path Delay:        0.359ns  (logic 0.164ns (45.662%)  route 0.195ns (54.338%))
  Logic Levels:           0  
  Clock Path Skew:        0.077ns (DCD - SCD - CPR)
    Destination Clock Delay (DCD):    1.999ns
    Source Clock Delay      (SCD):    1.443ns
    Clock Pessimism Removal (CPR):    0.478ns

    Location             Delay type                Incr(ns)  Path(ns)    Netlist Resource(s)
  -------------------------------------------------------------------    -------------------
                         (clock sys_clk_pin rise edge)
                                                      0.000     0.000 r  
    W5                                                0.000     0.000 r  CLK (IN)
                         net (fo=0)                   0.000     0.000    CLK
    W5                   IBUF (Prop_ibuf_I_O)         0.226     0.226 r  CLK_IBUF_inst/O
                         net (fo=1, routed)           0.631     0.858    CLK_IBUF
    BUFGCTRL_X0Y0        BUFG (Prop_bufg_I_O)         0.026     0.884 r  CLK_IBUF_BUFG_inst/O
                         net (fo=1901, routed)        0.560     1.443    uart_unit/CLK_IBUF_BUFG
    SLICE_X14Y63         FDRE                                         r  uart_unit/din01_reg[5]/C
  -------------------------------------------------------------------    -------------------
    SLICE_X14Y63         FDRE (Prop_fdre_C_Q)         0.164     1.607 r  uart_unit/din01_reg[5]/Q
                         net (fo=1, routed)           0.195     1.802    myLut1/Q[5]
    RAMB36_X0Y12         RAMB36E1                                     r  myLut1/ram_reg_0/DIADI[5]
  -------------------------------------------------------------------    -------------------

                         (clock sys_clk_pin rise edge)
                                                      0.000     0.000 r  
    W5                                                0.000     0.000 r  CLK (IN)
                         net (fo=0)                   0.000     0.000    CLK
    W5                   IBUF (Prop_ibuf_I_O)         0.414     0.414 r  CLK_IBUF_inst/O
                         net (fo=1, routed)           0.685     1.099    CLK_IBUF
    BUFGCTRL_X0Y0        BUFG (Prop_bufg_I_O)         0.029     1.128 r  CLK_IBUF_BUFG_inst/O
                         net (fo=1901, routed)        0.871     1.999    myLut1/CLK_IBUF_BUFG
    RAMB36_X0Y12         RAMB36E1                                     r  myLut1/ram_reg_0/CLKARDCLK
                         clock pessimism             -0.478     1.521    
    RAMB36_X0Y12         RAMB36E1 (Hold_ramb36e1_CLKARDCLK_DIADI[5])
                                                      0.155     1.676    myLut1/ram_reg_0
  -------------------------------------------------------------------
                         required time                         -1.676    
                         arrival time                           1.802    
  -------------------------------------------------------------------
                         slack                                  0.127    

Slack (MET) :             0.129ns  (arrival time - required time)
  Source:                 uart_unit/din01_reg[2]/C
                            (rising edge-triggered cell FDRE clocked by sys_clk_pin  {rise@0.000ns fall@5.000ns period=10.000ns})
  Destination:            myLut1/ram_reg_0/DIADI[2]
                            (rising edge-triggered cell RAMB36E1 clocked by sys_clk_pin  {rise@0.000ns fall@5.000ns period=10.000ns})
  Path Group:             sys_clk_pin
  Path Type:              Hold (Min at Fast Process Corner)
  Requirement:            0.000ns  (sys_clk_pin rise@0.000ns - sys_clk_pin rise@0.000ns)
  Data Path Delay:        0.359ns  (logic 0.164ns (45.662%)  route 0.195ns (54.338%))
  Logic Levels:           0  
  Clock Path Skew:        0.075ns (DCD - SCD - CPR)
    Destination Clock Delay (DCD):    1.999ns
    Source Clock Delay      (SCD):    1.445ns
    Clock Pessimism Removal (CPR):    0.478ns

    Location             Delay type                Incr(ns)  Path(ns)    Netlist Resource(s)
  -------------------------------------------------------------------    -------------------
                         (clock sys_clk_pin rise edge)
                                                      0.000     0.000 r  
    W5                                                0.000     0.000 r  CLK (IN)
                         net (fo=0)                   0.000     0.000    CLK
    W5                   IBUF (Prop_ibuf_I_O)         0.226     0.226 r  CLK_IBUF_inst/O
                         net (fo=1, routed)           0.631     0.858    CLK_IBUF
    BUFGCTRL_X0Y0        BUFG (Prop_bufg_I_O)         0.026     0.884 r  CLK_IBUF_BUFG_inst/O
                         net (fo=1901, routed)        0.562     1.445    uart_unit/CLK_IBUF_BUFG
    SLICE_X14Y60         FDRE                                         r  uart_unit/din01_reg[2]/C
  -------------------------------------------------------------------    -------------------
    SLICE_X14Y60         FDRE (Prop_fdre_C_Q)         0.164     1.609 r  uart_unit/din01_reg[2]/Q
                         net (fo=1, routed)           0.195     1.804    myLut1/Q[2]
    RAMB36_X0Y12         RAMB36E1                                     r  myLut1/ram_reg_0/DIADI[2]
  -------------------------------------------------------------------    -------------------

                         (clock sys_clk_pin rise edge)
                                                      0.000     0.000 r  
    W5                                                0.000     0.000 r  CLK (IN)
                         net (fo=0)                   0.000     0.000    CLK
    W5                   IBUF (Prop_ibuf_I_O)         0.414     0.414 r  CLK_IBUF_inst/O
                         net (fo=1, routed)           0.685     1.099    CLK_IBUF
    BUFGCTRL_X0Y0        BUFG (Prop_bufg_I_O)         0.029     1.128 r  CLK_IBUF_BUFG_inst/O
                         net (fo=1901, routed)        0.871     1.999    myLut1/CLK_IBUF_BUFG
    RAMB36_X0Y12         RAMB36E1                                     r  myLut1/ram_reg_0/CLKARDCLK
                         clock pessimism             -0.478     1.521    
    RAMB36_X0Y12         RAMB36E1 (Hold_ramb36e1_CLKARDCLK_DIADI[2])
                                                      0.155     1.676    myLut1/ram_reg_0
  -------------------------------------------------------------------
                         required time                         -1.676    
                         arrival time                           1.804    
  -------------------------------------------------------------------
                         slack                                  0.129    

Slack (MET) :             0.140ns  (arrival time - required time)
  Source:                 sine_unit/mul3/ImC_reg[24]/C
                            (rising edge-triggered cell FDRE clocked by sys_clk_pin  {rise@0.000ns fall@5.000ns period=10.000ns})
  Destination:            sine_unit/currB_Im_reg[24]/D
                            (rising edge-triggered cell FDCE clocked by sys_clk_pin  {rise@0.000ns fall@5.000ns period=10.000ns})
  Path Group:             sys_clk_pin
  Path Type:              Hold (Min at Fast Process Corner)
  Requirement:            0.000ns  (sys_clk_pin rise@0.000ns - sys_clk_pin rise@0.000ns)
  Data Path Delay:        0.273ns  (logic 0.186ns (68.106%)  route 0.087ns (31.894%))
  Logic Levels:           1  (LUT2=1)
  Clock Path Skew:        0.013ns (DCD - SCD - CPR)
    Destination Clock Delay (DCD):    1.960ns
    Source Clock Delay      (SCD):    1.445ns
    Clock Pessimism Removal (CPR):    0.502ns

    Location             Delay type                Incr(ns)  Path(ns)    Netlist Resource(s)
  -------------------------------------------------------------------    -------------------
                         (clock sys_clk_pin rise edge)
                                                      0.000     0.000 r  
    W5                                                0.000     0.000 r  CLK (IN)
                         net (fo=0)                   0.000     0.000    CLK
    W5                   IBUF (Prop_ibuf_I_O)         0.226     0.226 r  CLK_IBUF_inst/O
                         net (fo=1, routed)           0.631     0.858    CLK_IBUF
    BUFGCTRL_X0Y0        BUFG (Prop_bufg_I_O)         0.026     0.884 r  CLK_IBUF_BUFG_inst/O
                         net (fo=1901, routed)        0.562     1.445    sine_unit/mul3/CLK_IBUF_BUFG
    SLICE_X53Y61         FDRE                                         r  sine_unit/mul3/ImC_reg[24]/C
  -------------------------------------------------------------------    -------------------
    SLICE_X53Y61         FDRE (Prop_fdre_C_Q)         0.141     1.586 r  sine_unit/mul3/ImC_reg[24]/Q
                         net (fo=1, routed)           0.087     1.673    sine_unit/mul3/nextB_Im[24]
    SLICE_X52Y61         LUT2 (Prop_lut2_I0_O)        0.045     1.718 r  sine_unit/mul3/currB_Im[24]_i_1/O
                         net (fo=1, routed)           0.000     1.718    sine_unit/mul3_n_7
    SLICE_X52Y61         FDCE                                         r  sine_unit/currB_Im_reg[24]/D
  -------------------------------------------------------------------    -------------------

                         (clock sys_clk_pin rise edge)
                                                      0.000     0.000 r  
    W5                                                0.000     0.000 r  CLK (IN)
                         net (fo=0)                   0.000     0.000    CLK
    W5                   IBUF (Prop_ibuf_I_O)         0.414     0.414 r  CLK_IBUF_inst/O
                         net (fo=1, routed)           0.685     1.099    CLK_IBUF
    BUFGCTRL_X0Y0        BUFG (Prop_bufg_I_O)         0.029     1.128 r  CLK_IBUF_BUFG_inst/O
                         net (fo=1901, routed)        0.832     1.960    sine_unit/CLK_IBUF_BUFG
    SLICE_X52Y61         FDCE                                         r  sine_unit/currB_Im_reg[24]/C
                         clock pessimism             -0.502     1.458    
    SLICE_X52Y61         FDCE (Hold_fdce_C_D)         0.120     1.578    sine_unit/currB_Im_reg[24]
  -------------------------------------------------------------------
                         required time                         -1.578    
                         arrival time                           1.718    
  -------------------------------------------------------------------
                         slack                                  0.140    

Slack (MET) :             0.156ns  (arrival time - required time)
  Source:                 uart_unit/din01_reg[3]/C
                            (rising edge-triggered cell FDRE clocked by sys_clk_pin  {rise@0.000ns fall@5.000ns period=10.000ns})
  Destination:            myLut1/ram_reg_0/DIADI[3]
                            (rising edge-triggered cell RAMB36E1 clocked by sys_clk_pin  {rise@0.000ns fall@5.000ns period=10.000ns})
  Path Group:             sys_clk_pin
  Path Type:              Hold (Min at Fast Process Corner)
  Requirement:            0.000ns  (sys_clk_pin rise@0.000ns - sys_clk_pin rise@0.000ns)
  Data Path Delay:        0.388ns  (logic 0.141ns (36.335%)  route 0.247ns (63.665%))
  Logic Levels:           0  
  Clock Path Skew:        0.077ns (DCD - SCD - CPR)
    Destination Clock Delay (DCD):    1.999ns
    Source Clock Delay      (SCD):    1.443ns
    Clock Pessimism Removal (CPR):    0.478ns

    Location             Delay type                Incr(ns)  Path(ns)    Netlist Resource(s)
  -------------------------------------------------------------------    -------------------
                         (clock sys_clk_pin rise edge)
                                                      0.000     0.000 r  
    W5                                                0.000     0.000 r  CLK (IN)
                         net (fo=0)                   0.000     0.000    CLK
    W5                   IBUF (Prop_ibuf_I_O)         0.226     0.226 r  CLK_IBUF_inst/O
                         net (fo=1, routed)           0.631     0.858    CLK_IBUF
    BUFGCTRL_X0Y0        BUFG (Prop_bufg_I_O)         0.026     0.884 r  CLK_IBUF_BUFG_inst/O
                         net (fo=1901, routed)        0.560     1.443    uart_unit/CLK_IBUF_BUFG
    SLICE_X15Y63         FDRE                                         r  uart_unit/din01_reg[3]/C
  -------------------------------------------------------------------    -------------------
    SLICE_X15Y63         FDRE (Prop_fdre_C_Q)         0.141     1.584 r  uart_unit/din01_reg[3]/Q
                         net (fo=1, routed)           0.247     1.831    myLut1/Q[3]
    RAMB36_X0Y12         RAMB36E1                                     r  myLut1/ram_reg_0/DIADI[3]
  -------------------------------------------------------------------    -------------------

                         (clock sys_clk_pin rise edge)
                                                      0.000     0.000 r  
    W5                                                0.000     0.000 r  CLK (IN)
                         net (fo=0)                   0.000     0.000    CLK
    W5                   IBUF (Prop_ibuf_I_O)         0.414     0.414 r  CLK_IBUF_inst/O
                         net (fo=1, routed)           0.685     1.099    CLK_IBUF
    BUFGCTRL_X0Y0        BUFG (Prop_bufg_I_O)         0.029     1.128 r  CLK_IBUF_BUFG_inst/O
                         net (fo=1901, routed)        0.871     1.999    myLut1/CLK_IBUF_BUFG
    RAMB36_X0Y12         RAMB36E1                                     r  myLut1/ram_reg_0/CLKARDCLK
                         clock pessimism             -0.478     1.521    
    RAMB36_X0Y12         RAMB36E1 (Hold_ramb36e1_CLKARDCLK_DIADI[3])
                                                      0.155     1.676    myLut1/ram_reg_0
  -------------------------------------------------------------------
                         required time                         -1.676    
                         arrival time                           1.831    
  -------------------------------------------------------------------
                         slack                                  0.156    

Slack (MET) :             0.166ns  (arrival time - required time)
  Source:                 uart_unit/baud_gen_unit/r_reg_reg[5]/C
                            (rising edge-triggered cell FDCE clocked by sys_clk_pin  {rise@0.000ns fall@5.000ns period=10.000ns})
  Destination:            uart_unit/baud_gen_unit/r_reg_reg[7]/D
                            (rising edge-triggered cell FDCE clocked by sys_clk_pin  {rise@0.000ns fall@5.000ns period=10.000ns})
  Path Group:             sys_clk_pin
  Path Type:              Hold (Min at Fast Process Corner)
  Requirement:            0.000ns  (sys_clk_pin rise@0.000ns - sys_clk_pin rise@0.000ns)
  Data Path Delay:        0.299ns  (logic 0.186ns (62.279%)  route 0.113ns (37.721%))
  Logic Levels:           1  (LUT6=1)
  Clock Path Skew:        0.013ns (DCD - SCD - CPR)
    Destination Clock Delay (DCD):    1.954ns
    Source Clock Delay      (SCD):    1.441ns
    Clock Pessimism Removal (CPR):    0.500ns

    Location             Delay type                Incr(ns)  Path(ns)    Netlist Resource(s)
  -------------------------------------------------------------------    -------------------
                         (clock sys_clk_pin rise edge)
                                                      0.000     0.000 r  
    W5                                                0.000     0.000 r  CLK (IN)
                         net (fo=0)                   0.000     0.000    CLK
    W5                   IBUF (Prop_ibuf_I_O)         0.226     0.226 r  CLK_IBUF_inst/O
                         net (fo=1, routed)           0.631     0.858    CLK_IBUF
    BUFGCTRL_X0Y0        BUFG (Prop_bufg_I_O)         0.026     0.884 r  CLK_IBUF_BUFG_inst/O
                         net (fo=1901, routed)        0.558     1.441    uart_unit/baud_gen_unit/CLK_IBUF_BUFG
    SLICE_X35Y89         FDCE                                         r  uart_unit/baud_gen_unit/r_reg_reg[5]/C
  -------------------------------------------------------------------    -------------------
    SLICE_X35Y89         FDCE (Prop_fdce_C_Q)         0.141     1.582 r  uart_unit/baud_gen_unit/r_reg_reg[5]/Q
                         net (fo=6, routed)           0.113     1.695    uart_unit/baud_gen_unit/r_reg_reg_n_0_[5]
    SLICE_X34Y89         LUT6 (Prop_lut6_I4_O)        0.045     1.740 r  uart_unit/baud_gen_unit/r_reg[7]_i_1/O
                         net (fo=1, routed)           0.000     1.740    uart_unit/baud_gen_unit/r_next[7]
    SLICE_X34Y89         FDCE                                         r  uart_unit/baud_gen_unit/r_reg_reg[7]/D
  -------------------------------------------------------------------    -------------------

                         (clock sys_clk_pin rise edge)
                                                      0.000     0.000 r  
    W5                                                0.000     0.000 r  CLK (IN)
                         net (fo=0)                   0.000     0.000    CLK
    W5                   IBUF (Prop_ibuf_I_O)         0.414     0.414 r  CLK_IBUF_inst/O
                         net (fo=1, routed)           0.685     1.099    CLK_IBUF
    BUFGCTRL_X0Y0        BUFG (Prop_bufg_I_O)         0.029     1.128 r  CLK_IBUF_BUFG_inst/O
                         net (fo=1901, routed)        0.826     1.954    uart_unit/baud_gen_unit/CLK_IBUF_BUFG
    SLICE_X34Y89         FDCE                                         r  uart_unit/baud_gen_unit/r_reg_reg[7]/C
                         clock pessimism             -0.500     1.454    
    SLICE_X34Y89         FDCE (Hold_fdce_C_D)         0.120     1.574    uart_unit/baud_gen_unit/r_reg_reg[7]
  -------------------------------------------------------------------
                         required time                         -1.574    
                         arrival time                           1.740    
  -------------------------------------------------------------------
                         slack                                  0.166    

Slack (MET) :             0.166ns  (arrival time - required time)
  Source:                 we_reg_rep_rep__4/C
                            (rising edge-triggered cell FDCE clocked by sys_clk_pin  {rise@0.000ns fall@5.000ns period=10.000ns})
  Destination:            myBuf/ram_reg_0_6/WEA[0]
                            (rising edge-triggered cell RAMB36E1 clocked by sys_clk_pin  {rise@0.000ns fall@5.000ns period=10.000ns})
  Path Group:             sys_clk_pin
  Path Type:              Hold (Min at Fast Process Corner)
  Requirement:            0.000ns  (sys_clk_pin rise@0.000ns - sys_clk_pin rise@0.000ns)
  Data Path Delay:        0.313ns  (logic 0.141ns (45.056%)  route 0.172ns (54.944%))
  Logic Levels:           0  
  Clock Path Skew:        0.057ns (DCD - SCD - CPR)
    Destination Clock Delay (DCD):    1.997ns
    Source Clock Delay      (SCD):    1.441ns
    Clock Pessimism Removal (CPR):    0.498ns

    Location             Delay type                Incr(ns)  Path(ns)    Netlist Resource(s)
  -------------------------------------------------------------------    -------------------
                         (clock sys_clk_pin rise edge)
                                                      0.000     0.000 r  
    W5                                                0.000     0.000 r  CLK (IN)
                         net (fo=0)                   0.000     0.000    CLK
    W5                   IBUF (Prop_ibuf_I_O)         0.226     0.226 r  CLK_IBUF_inst/O
                         net (fo=1, routed)           0.631     0.858    CLK_IBUF
    BUFGCTRL_X0Y0        BUFG (Prop_bufg_I_O)         0.026     0.884 r  CLK_IBUF_BUFG_inst/O
                         net (fo=1901, routed)        0.558     1.441    CLK_IBUF_BUFG
    SLICE_X48Y82         FDCE                                         r  we_reg_rep_rep__4/C
  -------------------------------------------------------------------    -------------------
    SLICE_X48Y82         FDCE (Prop_fdce_C_Q)         0.141     1.582 r  we_reg_rep_rep__4/Q
                         net (fo=1, routed)           0.172     1.754    myBuf/ram_reg_0_6_0[0]
    RAMB36_X1Y16         RAMB36E1                                     r  myBuf/ram_reg_0_6/WEA[0]
  -------------------------------------------------------------------    -------------------

                         (clock sys_clk_pin rise edge)
                                                      0.000     0.000 r  
    W5                                                0.000     0.000 r  CLK (IN)
                         net (fo=0)                   0.000     0.000    CLK
    W5                   IBUF (Prop_ibuf_I_O)         0.414     0.414 r  CLK_IBUF_inst/O
                         net (fo=1, routed)           0.685     1.099    CLK_IBUF
    BUFGCTRL_X0Y0        BUFG (Prop_bufg_I_O)         0.029     1.128 r  CLK_IBUF_BUFG_inst/O
                         net (fo=1901, routed)        0.869     1.997    myBuf/CLK_IBUF_BUFG
    RAMB36_X1Y16         RAMB36E1                                     r  myBuf/ram_reg_0_6/CLKARDCLK
                         clock pessimism             -0.498     1.499    
    RAMB36_X1Y16         RAMB36E1 (Hold_ramb36e1_CLKARDCLK_WEA[0])
                                                      0.089     1.588    myBuf/ram_reg_0_6
  -------------------------------------------------------------------
                         required time                         -1.588    
                         arrival time                           1.754    
  -------------------------------------------------------------------
                         slack                                  0.166    

Slack (MET) :             0.167ns  (arrival time - required time)
  Source:                 we_reg_rep__0_rep/C
                            (rising edge-triggered cell FDCE clocked by sys_clk_pin  {rise@0.000ns fall@5.000ns period=10.000ns})
  Destination:            myBuf/ram_reg_1_13/WEA[0]
                            (rising edge-triggered cell RAMB36E1 clocked by sys_clk_pin  {rise@0.000ns fall@5.000ns period=10.000ns})
  Path Group:             sys_clk_pin
  Path Type:              Hold (Min at Fast Process Corner)
  Requirement:            0.000ns  (sys_clk_pin rise@0.000ns - sys_clk_pin rise@0.000ns)
  Data Path Delay:        0.313ns  (logic 0.141ns (45.056%)  route 0.172ns (54.944%))
  Logic Levels:           0  
  Clock Path Skew:        0.056ns (DCD - SCD - CPR)
    Destination Clock Delay (DCD):    1.992ns
    Source Clock Delay      (SCD):    1.437ns
    Clock Pessimism Removal (CPR):    0.498ns

    Location             Delay type                Incr(ns)  Path(ns)    Netlist Resource(s)
  -------------------------------------------------------------------    -------------------
                         (clock sys_clk_pin rise edge)
                                                      0.000     0.000 r  
    W5                                                0.000     0.000 r  CLK (IN)
                         net (fo=0)                   0.000     0.000    CLK
    W5                   IBUF (Prop_ibuf_I_O)         0.226     0.226 r  CLK_IBUF_inst/O
                         net (fo=1, routed)           0.631     0.858    CLK_IBUF
    BUFGCTRL_X0Y0        BUFG (Prop_bufg_I_O)         0.026     0.884 r  CLK_IBUF_BUFG_inst/O
                         net (fo=1901, routed)        0.554     1.437    CLK_IBUF_BUFG
    SLICE_X48Y77         FDCE                                         r  we_reg_rep__0_rep/C
  -------------------------------------------------------------------    -------------------
    SLICE_X48Y77         FDCE (Prop_fdce_C_Q)         0.141     1.578 r  we_reg_rep__0_rep/Q
                         net (fo=1, routed)           0.172     1.750    myBuf/ram_reg_1_13_0[0]
    RAMB36_X1Y15         RAMB36E1                                     r  myBuf/ram_reg_1_13/WEA[0]
  -------------------------------------------------------------------    -------------------

                         (clock sys_clk_pin rise edge)
                                                      0.000     0.000 r  
    W5                                                0.000     0.000 r  CLK (IN)
                         net (fo=0)                   0.000     0.000    CLK
    W5                   IBUF (Prop_ibuf_I_O)         0.414     0.414 r  CLK_IBUF_inst/O
                         net (fo=1, routed)           0.685     1.099    CLK_IBUF
    BUFGCTRL_X0Y0        BUFG (Prop_bufg_I_O)         0.029     1.128 r  CLK_IBUF_BUFG_inst/O
                         net (fo=1901, routed)        0.864     1.992    myBuf/CLK_IBUF_BUFG
    RAMB36_X1Y15         RAMB36E1                                     r  myBuf/ram_reg_1_13/CLKARDCLK
                         clock pessimism             -0.498     1.494    
    RAMB36_X1Y15         RAMB36E1 (Hold_ramb36e1_CLKARDCLK_WEA[0])
                                                      0.089     1.583    myBuf/ram_reg_1_13
  -------------------------------------------------------------------
                         required time                         -1.583    
                         arrival time                           1.750    
  -------------------------------------------------------------------
                         slack                                  0.167    

Slack (MET) :             0.169ns  (arrival time - required time)
  Source:                 i2c_unit/FSM_onehot_state_reg[4]/C
                            (rising edge-triggered cell FDRE clocked by sys_clk_pin  {rise@0.000ns fall@5.000ns period=10.000ns})
  Destination:            i2c_unit/FSM_onehot_state_reg[5]/D
                            (rising edge-triggered cell FDRE clocked by sys_clk_pin  {rise@0.000ns fall@5.000ns period=10.000ns})
  Path Group:             sys_clk_pin
  Path Type:              Hold (Min at Fast Process Corner)
  Requirement:            0.000ns  (sys_clk_pin rise@0.000ns - sys_clk_pin rise@0.000ns)
  Data Path Delay:        0.302ns  (logic 0.186ns (61.641%)  route 0.116ns (38.359%))
  Logic Levels:           1  (LUT4=1)
  Clock Path Skew:        0.013ns (DCD - SCD - CPR)
    Destination Clock Delay (DCD):    1.992ns
    Source Clock Delay      (SCD):    1.477ns
    Clock Pessimism Removal (CPR):    0.502ns

    Location             Delay type                Incr(ns)  Path(ns)    Netlist Resource(s)
  -------------------------------------------------------------------    -------------------
                         (clock sys_clk_pin rise edge)
                                                      0.000     0.000 r  
    W5                                                0.000     0.000 r  CLK (IN)
                         net (fo=0)                   0.000     0.000    CLK
    W5                   IBUF (Prop_ibuf_I_O)         0.226     0.226 r  CLK_IBUF_inst/O
                         net (fo=1, routed)           0.631     0.858    CLK_IBUF
    BUFGCTRL_X0Y0        BUFG (Prop_bufg_I_O)         0.026     0.884 r  CLK_IBUF_BUFG_inst/O
                         net (fo=1901, routed)        0.594     1.477    i2c_unit/CLK_IBUF_BUFG
    SLICE_X3Y42          FDRE                                         r  i2c_unit/FSM_onehot_state_reg[4]/C
  -------------------------------------------------------------------    -------------------
    SLICE_X3Y42          FDRE (Prop_fdre_C_Q)         0.141     1.618 r  i2c_unit/FSM_onehot_state_reg[4]/Q
                         net (fo=9, routed)           0.116     1.734    i2c_unit/FSM_onehot_state_reg_n_0_[4]
    SLICE_X2Y42          LUT4 (Prop_lut4_I0_O)        0.045     1.779 r  i2c_unit/FSM_onehot_state[5]_i_1/O
                         net (fo=1, routed)           0.000     1.779    i2c_unit/FSM_onehot_state[5]_i_1_n_0
    SLICE_X2Y42          FDRE                                         r  i2c_unit/FSM_onehot_state_reg[5]/D
  -------------------------------------------------------------------    -------------------

                         (clock sys_clk_pin rise edge)
                                                      0.000     0.000 r  
    W5                                                0.000     0.000 r  CLK (IN)
                         net (fo=0)                   0.000     0.000    CLK
    W5                   IBUF (Prop_ibuf_I_O)         0.414     0.414 r  CLK_IBUF_inst/O
                         net (fo=1, routed)           0.685     1.099    CLK_IBUF
    BUFGCTRL_X0Y0        BUFG (Prop_bufg_I_O)         0.029     1.128 r  CLK_IBUF_BUFG_inst/O
                         net (fo=1901, routed)        0.865     1.992    i2c_unit/CLK_IBUF_BUFG
    SLICE_X2Y42          FDRE                                         r  i2c_unit/FSM_onehot_state_reg[5]/C
                         clock pessimism             -0.502     1.490    
    SLICE_X2Y42          FDRE (Hold_fdre_C_D)         0.120     1.610    i2c_unit/FSM_onehot_state_reg[5]
  -------------------------------------------------------------------
                         required time                         -1.610    
                         arrival time                           1.779    
  -------------------------------------------------------------------
                         slack                                  0.169    

Slack (MET) :             0.169ns  (arrival time - required time)
  Source:                 din_reg[5]/C
                            (rising edge-triggered cell FDCE clocked by sys_clk_pin  {rise@0.000ns fall@5.000ns period=10.000ns})
  Destination:            myBuf/ram_reg_1_5/DIADI[0]
                            (rising edge-triggered cell RAMB36E1 clocked by sys_clk_pin  {rise@0.000ns fall@5.000ns period=10.000ns})
  Path Group:             sys_clk_pin
  Path Type:              Hold (Min at Fast Process Corner)
  Requirement:            0.000ns  (sys_clk_pin rise@0.000ns - sys_clk_pin rise@0.000ns)
  Data Path Delay:        0.629ns  (logic 0.164ns (26.065%)  route 0.465ns (73.935%))
  Logic Levels:           0  
  Clock Path Skew:        0.305ns (DCD - SCD - CPR)
    Destination Clock Delay (DCD):    1.995ns
    Source Clock Delay      (SCD):    1.440ns
    Clock Pessimism Removal (CPR):    0.249ns

    Location             Delay type                Incr(ns)  Path(ns)    Netlist Resource(s)
  -------------------------------------------------------------------    -------------------
                         (clock sys_clk_pin rise edge)
                                                      0.000     0.000 r  
    W5                                                0.000     0.000 r  CLK (IN)
                         net (fo=0)                   0.000     0.000    CLK
    W5                   IBUF (Prop_ibuf_I_O)         0.226     0.226 r  CLK_IBUF_inst/O
                         net (fo=1, routed)           0.631     0.858    CLK_IBUF
    BUFGCTRL_X0Y0        BUFG (Prop_bufg_I_O)         0.026     0.884 r  CLK_IBUF_BUFG_inst/O
                         net (fo=1901, routed)        0.557     1.440    CLK_IBUF_BUFG
    SLICE_X30Y64         FDCE                                         r  din_reg[5]/C
  -------------------------------------------------------------------    -------------------
    SLICE_X30Y64         FDCE (Prop_fdce_C_Q)         0.164     1.604 r  din_reg[5]/Q
                         net (fo=2, routed)           0.465     2.069    myBuf/ram_reg_0_15_0[5]
    RAMB36_X1Y13         RAMB36E1                                     r  myBuf/ram_reg_1_5/DIADI[0]
  -------------------------------------------------------------------    -------------------

                         (clock sys_clk_pin rise edge)
                                                      0.000     0.000 r  
    W5                                                0.000     0.000 r  CLK (IN)
                         net (fo=0)                   0.000     0.000    CLK
    W5                   IBUF (Prop_ibuf_I_O)         0.414     0.414 r  CLK_IBUF_inst/O
                         net (fo=1, routed)           0.685     1.099    CLK_IBUF
    BUFGCTRL_X0Y0        BUFG (Prop_bufg_I_O)         0.029     1.128 r  CLK_IBUF_BUFG_inst/O
                         net (fo=1901, routed)        0.867     1.995    myBuf/CLK_IBUF_BUFG
    RAMB36_X1Y13         RAMB36E1                                     r  myBuf/ram_reg_1_5/CLKARDCLK
                         clock pessimism             -0.249     1.746    
    RAMB36_X1Y13         RAMB36E1 (Hold_ramb36e1_CLKARDCLK_DIADI[0])
                                                      0.155     1.901    myBuf/ram_reg_1_5
  -------------------------------------------------------------------
                         required time                         -1.901    
                         arrival time                           2.069    
  -------------------------------------------------------------------
                         slack                                  0.169    

Slack (MET) :             0.169ns  (arrival time - required time)
  Source:                 i2c_unit/data_clk_reg/C
                            (rising edge-triggered cell FDRE clocked by sys_clk_pin  {rise@0.000ns fall@5.000ns period=10.000ns})
  Destination:            i2c_unit/data_clk_prev_reg/D
                            (rising edge-triggered cell FDRE clocked by sys_clk_pin  {rise@0.000ns fall@5.000ns period=10.000ns})
  Path Group:             sys_clk_pin
  Path Type:              Hold (Min at Fast Process Corner)
  Requirement:            0.000ns  (sys_clk_pin rise@0.000ns - sys_clk_pin rise@0.000ns)
  Data Path Delay:        0.278ns  (logic 0.141ns (50.655%)  route 0.137ns (49.345%))
  Logic Levels:           0  
  Clock Path Skew:        0.039ns (DCD - SCD - CPR)
    Destination Clock Delay (DCD):    1.993ns
    Source Clock Delay      (SCD):    1.476ns
    Clock Pessimism Removal (CPR):    0.478ns

    Location             Delay type                Incr(ns)  Path(ns)    Netlist Resource(s)
  -------------------------------------------------------------------    -------------------
                         (clock sys_clk_pin rise edge)
                                                      0.000     0.000 r  
    W5                                                0.000     0.000 r  CLK (IN)
                         net (fo=0)                   0.000     0.000    CLK
    W5                   IBUF (Prop_ibuf_I_O)         0.226     0.226 r  CLK_IBUF_inst/O
                         net (fo=1, routed)           0.631     0.858    CLK_IBUF
    BUFGCTRL_X0Y0        BUFG (Prop_bufg_I_O)         0.026     0.884 r  CLK_IBUF_BUFG_inst/O
                         net (fo=1901, routed)        0.593     1.476    i2c_unit/CLK_IBUF_BUFG
    SLICE_X5Y45          FDRE                                         r  i2c_unit/data_clk_reg/C
  -------------------------------------------------------------------    -------------------
    SLICE_X5Y45          FDRE (Prop_fdre_C_Q)         0.141     1.617 r  i2c_unit/data_clk_reg/Q
                         net (fo=7, routed)           0.137     1.754    i2c_unit/data_clk_reg_n_0
    SLICE_X3Y44          FDRE                                         r  i2c_unit/data_clk_prev_reg/D
  -------------------------------------------------------------------    -------------------

                         (clock sys_clk_pin rise edge)
                                                      0.000     0.000 r  
    W5                                                0.000     0.000 r  CLK (IN)
                         net (fo=0)                   0.000     0.000    CLK
    W5                   IBUF (Prop_ibuf_I_O)         0.414     0.414 r  CLK_IBUF_inst/O
                         net (fo=1, routed)           0.685     1.099    CLK_IBUF
    BUFGCTRL_X0Y0        BUFG (Prop_bufg_I_O)         0.029     1.128 r  CLK_IBUF_BUFG_inst/O
                         net (fo=1901, routed)        0.866     1.993    i2c_unit/CLK_IBUF_BUFG
    SLICE_X3Y44          FDRE                                         r  i2c_unit/data_clk_prev_reg/C
                         clock pessimism             -0.478     1.515    
    SLICE_X3Y44          FDRE (Hold_fdre_C_D)         0.070     1.585    i2c_unit/data_clk_prev_reg
  -------------------------------------------------------------------
                         required time                         -1.585    
                         arrival time                           1.754    
  -------------------------------------------------------------------
                         slack                                  0.169    





Pulse Width Checks
--------------------------------------------------------------------------------------
Clock Name:         sys_clk_pin
Waveform(ns):       { 0.000 5.000 }
Period(ns):         10.000
Sources:            { CLK }

Check Type        Corner  Lib Pin             Reference Pin  Required(ns)  Actual(ns)  Slack(ns)  Location      Pin
Min Period        n/a     XADC/DCLK           n/a            4.000         10.000      6.000      XADC_X0Y0     my_adc/U0/DCLK
Min Period        n/a     RAMB36E1/CLKARDCLK  n/a            2.892         10.000      7.108      RAMB36_X0Y14  myBuf/ram_reg_0_0/CLKARDCLK
Min Period        n/a     RAMB36E1/CLKARDCLK  n/a            2.892         10.000      7.108      RAMB36_X0Y8   myBuf/ram_reg_0_1/CLKARDCLK
Min Period        n/a     RAMB36E1/CLKARDCLK  n/a            2.892         10.000      7.108      RAMB36_X2Y12  myBuf/ram_reg_0_10/CLKARDCLK
Min Period        n/a     RAMB36E1/CLKARDCLK  n/a            2.892         10.000      7.108      RAMB36_X0Y18  myBuf/ram_reg_0_11/CLKARDCLK
Min Period        n/a     RAMB36E1/CLKARDCLK  n/a            2.892         10.000      7.108      RAMB36_X2Y18  myBuf/ram_reg_0_12/CLKARDCLK
Min Period        n/a     RAMB36E1/CLKARDCLK  n/a            2.892         10.000      7.108      RAMB36_X1Y14  myBuf/ram_reg_0_13/CLKARDCLK
Min Period        n/a     RAMB36E1/CLKARDCLK  n/a            2.892         10.000      7.108      RAMB36_X1Y18  myBuf/ram_reg_0_14/CLKARDCLK
Min Period        n/a     RAMB36E1/CLKARDCLK  n/a            2.892         10.000      7.108      RAMB36_X0Y16  myBuf/ram_reg_0_15/CLKARDCLK
Min Period        n/a     RAMB36E1/CLKARDCLK  n/a            2.892         10.000      7.108      RAMB36_X2Y16  myBuf/ram_reg_0_2/CLKARDCLK
Low Pulse Width   Slow    FDRE/C              n/a            0.500         5.000       4.500      SLICE_X3Y41   FSM_sequential_i2c_state_reg[0]/C
Low Pulse Width   Fast    FDRE/C              n/a            0.500         5.000       4.500      SLICE_X3Y41   FSM_sequential_i2c_state_reg[0]/C
Low Pulse Width   Slow    FDRE/C              n/a            0.500         5.000       4.500      SLICE_X3Y41   FSM_sequential_i2c_state_reg[1]/C
Low Pulse Width   Fast    FDRE/C              n/a            0.500         5.000       4.500      SLICE_X3Y41   FSM_sequential_i2c_state_reg[1]/C
Low Pulse Width   Slow    FDRE/C              n/a            0.500         5.000       4.500      SLICE_X3Y41   FSM_sequential_i2c_state_reg[2]/C
Low Pulse Width   Fast    FDRE/C              n/a            0.500         5.000       4.500      SLICE_X3Y41   FSM_sequential_i2c_state_reg[2]/C
Low Pulse Width   Slow    FDCE/C              n/a            0.500         5.000       4.500      SLICE_X30Y80  addrGen_reg[0]/C
Low Pulse Width   Fast    FDCE/C              n/a            0.500         5.000       4.500      SLICE_X30Y80  addrGen_reg[0]/C
Low Pulse Width   Slow    FDCE/C              n/a            0.500         5.000       4.500      SLICE_X30Y82  addrGen_reg[10]/C
Low Pulse Width   Fast    FDCE/C              n/a            0.500         5.000       4.500      SLICE_X30Y82  addrGen_reg[10]/C
High Pulse Width  Slow    FDRE/C              n/a            0.500         5.000       4.500      SLICE_X3Y41   FSM_sequential_i2c_state_reg[0]/C
High Pulse Width  Fast    FDRE/C              n/a            0.500         5.000       4.500      SLICE_X3Y41   FSM_sequential_i2c_state_reg[0]/C
High Pulse Width  Slow    FDRE/C              n/a            0.500         5.000       4.500      SLICE_X3Y41   FSM_sequential_i2c_state_reg[1]/C
High Pulse Width  Fast    FDRE/C              n/a            0.500         5.000       4.500      SLICE_X3Y41   FSM_sequential_i2c_state_reg[1]/C
High Pulse Width  Slow    FDRE/C              n/a            0.500         5.000       4.500      SLICE_X3Y41   FSM_sequential_i2c_state_reg[2]/C
High Pulse Width  Fast    FDRE/C              n/a            0.500         5.000       4.500      SLICE_X3Y41   FSM_sequential_i2c_state_reg[2]/C
High Pulse Width  Slow    FDCE/C              n/a            0.500         5.000       4.500      SLICE_X30Y80  addrGen_reg[0]/C
High Pulse Width  Fast    FDCE/C              n/a            0.500         5.000       4.500      SLICE_X30Y80  addrGen_reg[0]/C
High Pulse Width  Slow    FDCE/C              n/a            0.500         5.000       4.500      SLICE_X30Y82  addrGen_reg[10]/C
High Pulse Width  Fast    FDCE/C              n/a            0.500         5.000       4.500      SLICE_X30Y82  addrGen_reg[10]/C



---------------------------------------------------------------------------------------------------
Path Group:  **async_default**
From Clock:  sys_clk_pin
  To Clock:  sys_clk_pin

Setup :            0  Failing Endpoints,  Worst Slack        2.568ns,  Total Violation        0.000ns
Hold  :            0  Failing Endpoints,  Worst Slack        0.538ns,  Total Violation        0.000ns
---------------------------------------------------------------------------------------------------


Max Delay Paths
--------------------------------------------------------------------------------------
Slack (MET) :             2.568ns  (required time - arrival time)
  Source:                 uart_unit/rx_mem_reg[14]/C
                            (rising edge-triggered cell FDCE clocked by sys_clk_pin  {rise@0.000ns fall@5.000ns period=10.000ns})
  Destination:            sine_unit/curr_Re_reg[14]_replica_1/CLR
                            (recovery check against rising-edge clock sys_clk_pin  {rise@0.000ns fall@5.000ns period=10.000ns})
  Path Group:             **async_default**
  Path Type:              Recovery (Max at Slow Process Corner)
  Requirement:            10.000ns  (sys_clk_pin rise@10.000ns - sys_clk_pin rise@0.000ns)
  Data Path Delay:        6.680ns  (logic 0.572ns (8.563%)  route 6.108ns (91.437%))
  Logic Levels:           1  (LUT2=1)
  Clock Path Skew:        -0.108ns (DCD - SCD + CPR)
    Destination Clock Delay (DCD):    4.777ns = ( 14.777 - 10.000 ) 
    Source Clock Delay      (SCD):    5.065ns
    Clock Pessimism Removal (CPR):    0.180ns
  Clock Uncertainty:      0.035ns  ((TSJ^2 + TIJ^2)^1/2 + DJ) / 2 + PE
    Total System Jitter     (TSJ):    0.071ns
    Total Input Jitter      (TIJ):    0.000ns
    Discrete Jitter          (DJ):    0.000ns
    Phase Error              (PE):    0.000ns

    Location             Delay type                Incr(ns)  Path(ns)    Netlist Resource(s)
  -------------------------------------------------------------------    -------------------
                         (clock sys_clk_pin rise edge)
                                                      0.000     0.000 r  
    W5                                                0.000     0.000 r  CLK (IN)
                         net (fo=0)                   0.000     0.000    CLK
    W5                   IBUF (Prop_ibuf_I_O)         1.458     1.458 r  CLK_IBUF_inst/O
                         net (fo=1, routed)           1.967     3.425    CLK_IBUF
    BUFGCTRL_X0Y0        BUFG (Prop_bufg_I_O)         0.096     3.521 r  CLK_IBUF_BUFG_inst/O
                         net (fo=1901, routed)        1.544     5.065    uart_unit/CLK_IBUF_BUFG
    SLICE_X33Y67         FDCE                                         r  uart_unit/rx_mem_reg[14]/C
  -------------------------------------------------------------------    -------------------
    SLICE_X33Y67         FDCE (Prop_fdce_C_Q)         0.456     5.521 f  uart_unit/rx_mem_reg[14]/Q
                         net (fo=86, routed)          0.447     5.968    uart_unit/rx_mem[14]
    SLICE_X30Y68         LUT2 (Prop_lut2_I1_O)        0.116     6.084 f  uart_unit/r_reg[19]_i_3/O
                         net (fo=884, routed)         5.661    11.745    sine_unit/reset
    SLICE_X11Y26         FDCE                                         f  sine_unit/curr_Re_reg[14]_replica_1/CLR
  -------------------------------------------------------------------    -------------------

                         (clock sys_clk_pin rise edge)
                                                     10.000    10.000 r  
    W5                                                0.000    10.000 r  CLK (IN)
                         net (fo=0)                   0.000    10.000    CLK
    W5                   IBUF (Prop_ibuf_I_O)         1.388    11.388 r  CLK_IBUF_inst/O
                         net (fo=1, routed)           1.862    13.250    CLK_IBUF
    BUFGCTRL_X0Y0        BUFG (Prop_bufg_I_O)         0.091    13.341 r  CLK_IBUF_BUFG_inst/O
                         net (fo=1901, routed)        1.436    14.777    sine_unit/CLK_IBUF_BUFG
    SLICE_X11Y26         FDCE                                         r  sine_unit/curr_Re_reg[14]_replica_1/C
                         clock pessimism              0.180    14.957    
                         clock uncertainty           -0.035    14.922    
    SLICE_X11Y26         FDCE (Recov_fdce_C_CLR)     -0.609    14.313    sine_unit/curr_Re_reg[14]_replica_1
  -------------------------------------------------------------------
                         required time                         14.313    
                         arrival time                         -11.745    
  -------------------------------------------------------------------
                         slack                                  2.568    

Slack (MET) :             2.568ns  (required time - arrival time)
  Source:                 uart_unit/rx_mem_reg[14]/C
                            (rising edge-triggered cell FDCE clocked by sys_clk_pin  {rise@0.000ns fall@5.000ns period=10.000ns})
  Destination:            sine_unit/curr_Re_reg[6]/CLR
                            (recovery check against rising-edge clock sys_clk_pin  {rise@0.000ns fall@5.000ns period=10.000ns})
  Path Group:             **async_default**
  Path Type:              Recovery (Max at Slow Process Corner)
  Requirement:            10.000ns  (sys_clk_pin rise@10.000ns - sys_clk_pin rise@0.000ns)
  Data Path Delay:        6.680ns  (logic 0.572ns (8.563%)  route 6.108ns (91.437%))
  Logic Levels:           1  (LUT2=1)
  Clock Path Skew:        -0.108ns (DCD - SCD + CPR)
    Destination Clock Delay (DCD):    4.777ns = ( 14.777 - 10.000 ) 
    Source Clock Delay      (SCD):    5.065ns
    Clock Pessimism Removal (CPR):    0.180ns
  Clock Uncertainty:      0.035ns  ((TSJ^2 + TIJ^2)^1/2 + DJ) / 2 + PE
    Total System Jitter     (TSJ):    0.071ns
    Total Input Jitter      (TIJ):    0.000ns
    Discrete Jitter          (DJ):    0.000ns
    Phase Error              (PE):    0.000ns

    Location             Delay type                Incr(ns)  Path(ns)    Netlist Resource(s)
  -------------------------------------------------------------------    -------------------
                         (clock sys_clk_pin rise edge)
                                                      0.000     0.000 r  
    W5                                                0.000     0.000 r  CLK (IN)
                         net (fo=0)                   0.000     0.000    CLK
    W5                   IBUF (Prop_ibuf_I_O)         1.458     1.458 r  CLK_IBUF_inst/O
                         net (fo=1, routed)           1.967     3.425    CLK_IBUF
    BUFGCTRL_X0Y0        BUFG (Prop_bufg_I_O)         0.096     3.521 r  CLK_IBUF_BUFG_inst/O
                         net (fo=1901, routed)        1.544     5.065    uart_unit/CLK_IBUF_BUFG
    SLICE_X33Y67         FDCE                                         r  uart_unit/rx_mem_reg[14]/C
  -------------------------------------------------------------------    -------------------
    SLICE_X33Y67         FDCE (Prop_fdce_C_Q)         0.456     5.521 f  uart_unit/rx_mem_reg[14]/Q
                         net (fo=86, routed)          0.447     5.968    uart_unit/rx_mem[14]
    SLICE_X30Y68         LUT2 (Prop_lut2_I1_O)        0.116     6.084 f  uart_unit/r_reg[19]_i_3/O
                         net (fo=884, routed)         5.661    11.745    sine_unit/reset
    SLICE_X11Y26         FDCE                                         f  sine_unit/curr_Re_reg[6]/CLR
  -------------------------------------------------------------------    -------------------

                         (clock sys_clk_pin rise edge)
                                                     10.000    10.000 r  
    W5                                                0.000    10.000 r  CLK (IN)
                         net (fo=0)                   0.000    10.000    CLK
    W5                   IBUF (Prop_ibuf_I_O)         1.388    11.388 r  CLK_IBUF_inst/O
                         net (fo=1, routed)           1.862    13.250    CLK_IBUF
    BUFGCTRL_X0Y0        BUFG (Prop_bufg_I_O)         0.091    13.341 r  CLK_IBUF_BUFG_inst/O
                         net (fo=1901, routed)        1.436    14.777    sine_unit/CLK_IBUF_BUFG
    SLICE_X11Y26         FDCE                                         r  sine_unit/curr_Re_reg[6]/C
                         clock pessimism              0.180    14.957    
                         clock uncertainty           -0.035    14.922    
    SLICE_X11Y26         FDCE (Recov_fdce_C_CLR)     -0.609    14.313    sine_unit/curr_Re_reg[6]
  -------------------------------------------------------------------
                         required time                         14.313    
                         arrival time                         -11.745    
  -------------------------------------------------------------------
                         slack                                  2.568    

Slack (MET) :             2.568ns  (required time - arrival time)
  Source:                 uart_unit/rx_mem_reg[14]/C
                            (rising edge-triggered cell FDCE clocked by sys_clk_pin  {rise@0.000ns fall@5.000ns period=10.000ns})
  Destination:            sine_unit/curr_Re_reg[7]/CLR
                            (recovery check against rising-edge clock sys_clk_pin  {rise@0.000ns fall@5.000ns period=10.000ns})
  Path Group:             **async_default**
  Path Type:              Recovery (Max at Slow Process Corner)
  Requirement:            10.000ns  (sys_clk_pin rise@10.000ns - sys_clk_pin rise@0.000ns)
  Data Path Delay:        6.680ns  (logic 0.572ns (8.563%)  route 6.108ns (91.437%))
  Logic Levels:           1  (LUT2=1)
  Clock Path Skew:        -0.108ns (DCD - SCD + CPR)
    Destination Clock Delay (DCD):    4.777ns = ( 14.777 - 10.000 ) 
    Source Clock Delay      (SCD):    5.065ns
    Clock Pessimism Removal (CPR):    0.180ns
  Clock Uncertainty:      0.035ns  ((TSJ^2 + TIJ^2)^1/2 + DJ) / 2 + PE
    Total System Jitter     (TSJ):    0.071ns
    Total Input Jitter      (TIJ):    0.000ns
    Discrete Jitter          (DJ):    0.000ns
    Phase Error              (PE):    0.000ns

    Location             Delay type                Incr(ns)  Path(ns)    Netlist Resource(s)
  -------------------------------------------------------------------    -------------------
                         (clock sys_clk_pin rise edge)
                                                      0.000     0.000 r  
    W5                                                0.000     0.000 r  CLK (IN)
                         net (fo=0)                   0.000     0.000    CLK
    W5                   IBUF (Prop_ibuf_I_O)         1.458     1.458 r  CLK_IBUF_inst/O
                         net (fo=1, routed)           1.967     3.425    CLK_IBUF
    BUFGCTRL_X0Y0        BUFG (Prop_bufg_I_O)         0.096     3.521 r  CLK_IBUF_BUFG_inst/O
                         net (fo=1901, routed)        1.544     5.065    uart_unit/CLK_IBUF_BUFG
    SLICE_X33Y67         FDCE                                         r  uart_unit/rx_mem_reg[14]/C
  -------------------------------------------------------------------    -------------------
    SLICE_X33Y67         FDCE (Prop_fdce_C_Q)         0.456     5.521 f  uart_unit/rx_mem_reg[14]/Q
                         net (fo=86, routed)          0.447     5.968    uart_unit/rx_mem[14]
    SLICE_X30Y68         LUT2 (Prop_lut2_I1_O)        0.116     6.084 f  uart_unit/r_reg[19]_i_3/O
                         net (fo=884, routed)         5.661    11.745    sine_unit/reset
    SLICE_X11Y26         FDCE                                         f  sine_unit/curr_Re_reg[7]/CLR
  -------------------------------------------------------------------    -------------------

                         (clock sys_clk_pin rise edge)
                                                     10.000    10.000 r  
    W5                                                0.000    10.000 r  CLK (IN)
                         net (fo=0)                   0.000    10.000    CLK
    W5                   IBUF (Prop_ibuf_I_O)         1.388    11.388 r  CLK_IBUF_inst/O
                         net (fo=1, routed)           1.862    13.250    CLK_IBUF
    BUFGCTRL_X0Y0        BUFG (Prop_bufg_I_O)         0.091    13.341 r  CLK_IBUF_BUFG_inst/O
                         net (fo=1901, routed)        1.436    14.777    sine_unit/CLK_IBUF_BUFG
    SLICE_X11Y26         FDCE                                         r  sine_unit/curr_Re_reg[7]/C
                         clock pessimism              0.180    14.957    
                         clock uncertainty           -0.035    14.922    
    SLICE_X11Y26         FDCE (Recov_fdce_C_CLR)     -0.609    14.313    sine_unit/curr_Re_reg[7]
  -------------------------------------------------------------------
                         required time                         14.313    
                         arrival time                         -11.745    
  -------------------------------------------------------------------
                         slack                                  2.568    

Slack (MET) :             2.618ns  (required time - arrival time)
  Source:                 uart_unit/rx_mem_reg[14]/C
                            (rising edge-triggered cell FDCE clocked by sys_clk_pin  {rise@0.000ns fall@5.000ns period=10.000ns})
  Destination:            sine_unit/curr_Re_reg[10]/CLR
                            (recovery check against rising-edge clock sys_clk_pin  {rise@0.000ns fall@5.000ns period=10.000ns})
  Path Group:             **async_default**
  Path Type:              Recovery (Max at Slow Process Corner)
  Requirement:            10.000ns  (sys_clk_pin rise@10.000ns - sys_clk_pin rise@0.000ns)
  Data Path Delay:        6.631ns  (logic 0.572ns (8.626%)  route 6.059ns (91.374%))
  Logic Levels:           1  (LUT2=1)
  Clock Path Skew:        -0.107ns (DCD - SCD + CPR)
    Destination Clock Delay (DCD):    4.778ns = ( 14.778 - 10.000 ) 
    Source Clock Delay      (SCD):    5.065ns
    Clock Pessimism Removal (CPR):    0.180ns
  Clock Uncertainty:      0.035ns  ((TSJ^2 + TIJ^2)^1/2 + DJ) / 2 + PE
    Total System Jitter     (TSJ):    0.071ns
    Total Input Jitter      (TIJ):    0.000ns
    Discrete Jitter          (DJ):    0.000ns
    Phase Error              (PE):    0.000ns

    Location             Delay type                Incr(ns)  Path(ns)    Netlist Resource(s)
  -------------------------------------------------------------------    -------------------
                         (clock sys_clk_pin rise edge)
                                                      0.000     0.000 r  
    W5                                                0.000     0.000 r  CLK (IN)
                         net (fo=0)                   0.000     0.000    CLK
    W5                   IBUF (Prop_ibuf_I_O)         1.458     1.458 r  CLK_IBUF_inst/O
                         net (fo=1, routed)           1.967     3.425    CLK_IBUF
    BUFGCTRL_X0Y0        BUFG (Prop_bufg_I_O)         0.096     3.521 r  CLK_IBUF_BUFG_inst/O
                         net (fo=1901, routed)        1.544     5.065    uart_unit/CLK_IBUF_BUFG
    SLICE_X33Y67         FDCE                                         r  uart_unit/rx_mem_reg[14]/C
  -------------------------------------------------------------------    -------------------
    SLICE_X33Y67         FDCE (Prop_fdce_C_Q)         0.456     5.521 f  uart_unit/rx_mem_reg[14]/Q
                         net (fo=86, routed)          0.447     5.968    uart_unit/rx_mem[14]
    SLICE_X30Y68         LUT2 (Prop_lut2_I1_O)        0.116     6.084 f  uart_unit/r_reg[19]_i_3/O
                         net (fo=884, routed)         5.612    11.696    sine_unit/reset
    SLICE_X11Y27         FDCE                                         f  sine_unit/curr_Re_reg[10]/CLR
  -------------------------------------------------------------------    -------------------

                         (clock sys_clk_pin rise edge)
                                                     10.000    10.000 r  
    W5                                                0.000    10.000 r  CLK (IN)
                         net (fo=0)                   0.000    10.000    CLK
    W5                   IBUF (Prop_ibuf_I_O)         1.388    11.388 r  CLK_IBUF_inst/O
                         net (fo=1, routed)           1.862    13.250    CLK_IBUF
    BUFGCTRL_X0Y0        BUFG (Prop_bufg_I_O)         0.091    13.341 r  CLK_IBUF_BUFG_inst/O
                         net (fo=1901, routed)        1.437    14.778    sine_unit/CLK_IBUF_BUFG
    SLICE_X11Y27         FDCE                                         r  sine_unit/curr_Re_reg[10]/C
                         clock pessimism              0.180    14.958    
                         clock uncertainty           -0.035    14.923    
    SLICE_X11Y27         FDCE (Recov_fdce_C_CLR)     -0.609    14.314    sine_unit/curr_Re_reg[10]
  -------------------------------------------------------------------
                         required time                         14.314    
                         arrival time                         -11.696    
  -------------------------------------------------------------------
                         slack                                  2.618    

Slack (MET) :             2.618ns  (required time - arrival time)
  Source:                 uart_unit/rx_mem_reg[14]/C
                            (rising edge-triggered cell FDCE clocked by sys_clk_pin  {rise@0.000ns fall@5.000ns period=10.000ns})
  Destination:            sine_unit/curr_Re_reg[11]/CLR
                            (recovery check against rising-edge clock sys_clk_pin  {rise@0.000ns fall@5.000ns period=10.000ns})
  Path Group:             **async_default**
  Path Type:              Recovery (Max at Slow Process Corner)
  Requirement:            10.000ns  (sys_clk_pin rise@10.000ns - sys_clk_pin rise@0.000ns)
  Data Path Delay:        6.631ns  (logic 0.572ns (8.626%)  route 6.059ns (91.374%))
  Logic Levels:           1  (LUT2=1)
  Clock Path Skew:        -0.107ns (DCD - SCD + CPR)
    Destination Clock Delay (DCD):    4.778ns = ( 14.778 - 10.000 ) 
    Source Clock Delay      (SCD):    5.065ns
    Clock Pessimism Removal (CPR):    0.180ns
  Clock Uncertainty:      0.035ns  ((TSJ^2 + TIJ^2)^1/2 + DJ) / 2 + PE
    Total System Jitter     (TSJ):    0.071ns
    Total Input Jitter      (TIJ):    0.000ns
    Discrete Jitter          (DJ):    0.000ns
    Phase Error              (PE):    0.000ns

    Location             Delay type                Incr(ns)  Path(ns)    Netlist Resource(s)
  -------------------------------------------------------------------    -------------------
                         (clock sys_clk_pin rise edge)
                                                      0.000     0.000 r  
    W5                                                0.000     0.000 r  CLK (IN)
                         net (fo=0)                   0.000     0.000    CLK
    W5                   IBUF (Prop_ibuf_I_O)         1.458     1.458 r  CLK_IBUF_inst/O
                         net (fo=1, routed)           1.967     3.425    CLK_IBUF
    BUFGCTRL_X0Y0        BUFG (Prop_bufg_I_O)         0.096     3.521 r  CLK_IBUF_BUFG_inst/O
                         net (fo=1901, routed)        1.544     5.065    uart_unit/CLK_IBUF_BUFG
    SLICE_X33Y67         FDCE                                         r  uart_unit/rx_mem_reg[14]/C
  -------------------------------------------------------------------    -------------------
    SLICE_X33Y67         FDCE (Prop_fdce_C_Q)         0.456     5.521 f  uart_unit/rx_mem_reg[14]/Q
                         net (fo=86, routed)          0.447     5.968    uart_unit/rx_mem[14]
    SLICE_X30Y68         LUT2 (Prop_lut2_I1_O)        0.116     6.084 f  uart_unit/r_reg[19]_i_3/O
                         net (fo=884, routed)         5.612    11.696    sine_unit/reset
    SLICE_X11Y27         FDCE                                         f  sine_unit/curr_Re_reg[11]/CLR
  -------------------------------------------------------------------    -------------------

                         (clock sys_clk_pin rise edge)
                                                     10.000    10.000 r  
    W5                                                0.000    10.000 r  CLK (IN)
                         net (fo=0)                   0.000    10.000    CLK
    W5                   IBUF (Prop_ibuf_I_O)         1.388    11.388 r  CLK_IBUF_inst/O
                         net (fo=1, routed)           1.862    13.250    CLK_IBUF
    BUFGCTRL_X0Y0        BUFG (Prop_bufg_I_O)         0.091    13.341 r  CLK_IBUF_BUFG_inst/O
                         net (fo=1901, routed)        1.437    14.778    sine_unit/CLK_IBUF_BUFG
    SLICE_X11Y27         FDCE                                         r  sine_unit/curr_Re_reg[11]/C
                         clock pessimism              0.180    14.958    
                         clock uncertainty           -0.035    14.923    
    SLICE_X11Y27         FDCE (Recov_fdce_C_CLR)     -0.609    14.314    sine_unit/curr_Re_reg[11]
  -------------------------------------------------------------------
                         required time                         14.314    
                         arrival time                         -11.696    
  -------------------------------------------------------------------
                         slack                                  2.618    

Slack (MET) :             2.618ns  (required time - arrival time)
  Source:                 uart_unit/rx_mem_reg[14]/C
                            (rising edge-triggered cell FDCE clocked by sys_clk_pin  {rise@0.000ns fall@5.000ns period=10.000ns})
  Destination:            sine_unit/curr_Re_reg[12]_replica/CLR
                            (recovery check against rising-edge clock sys_clk_pin  {rise@0.000ns fall@5.000ns period=10.000ns})
  Path Group:             **async_default**
  Path Type:              Recovery (Max at Slow Process Corner)
  Requirement:            10.000ns  (sys_clk_pin rise@10.000ns - sys_clk_pin rise@0.000ns)
  Data Path Delay:        6.631ns  (logic 0.572ns (8.626%)  route 6.059ns (91.374%))
  Logic Levels:           1  (LUT2=1)
  Clock Path Skew:        -0.107ns (DCD - SCD + CPR)
    Destination Clock Delay (DCD):    4.778ns = ( 14.778 - 10.000 ) 
    Source Clock Delay      (SCD):    5.065ns
    Clock Pessimism Removal (CPR):    0.180ns
  Clock Uncertainty:      0.035ns  ((TSJ^2 + TIJ^2)^1/2 + DJ) / 2 + PE
    Total System Jitter     (TSJ):    0.071ns
    Total Input Jitter      (TIJ):    0.000ns
    Discrete Jitter          (DJ):    0.000ns
    Phase Error              (PE):    0.000ns

    Location             Delay type                Incr(ns)  Path(ns)    Netlist Resource(s)
  -------------------------------------------------------------------    -------------------
                         (clock sys_clk_pin rise edge)
                                                      0.000     0.000 r  
    W5                                                0.000     0.000 r  CLK (IN)
                         net (fo=0)                   0.000     0.000    CLK
    W5                   IBUF (Prop_ibuf_I_O)         1.458     1.458 r  CLK_IBUF_inst/O
                         net (fo=1, routed)           1.967     3.425    CLK_IBUF
    BUFGCTRL_X0Y0        BUFG (Prop_bufg_I_O)         0.096     3.521 r  CLK_IBUF_BUFG_inst/O
                         net (fo=1901, routed)        1.544     5.065    uart_unit/CLK_IBUF_BUFG
    SLICE_X33Y67         FDCE                                         r  uart_unit/rx_mem_reg[14]/C
  -------------------------------------------------------------------    -------------------
    SLICE_X33Y67         FDCE (Prop_fdce_C_Q)         0.456     5.521 f  uart_unit/rx_mem_reg[14]/Q
                         net (fo=86, routed)          0.447     5.968    uart_unit/rx_mem[14]
    SLICE_X30Y68         LUT2 (Prop_lut2_I1_O)        0.116     6.084 f  uart_unit/r_reg[19]_i_3/O
                         net (fo=884, routed)         5.612    11.696    sine_unit/reset
    SLICE_X11Y27         FDCE                                         f  sine_unit/curr_Re_reg[12]_replica/CLR
  -------------------------------------------------------------------    -------------------

                         (clock sys_clk_pin rise edge)
                                                     10.000    10.000 r  
    W5                                                0.000    10.000 r  CLK (IN)
                         net (fo=0)                   0.000    10.000    CLK
    W5                   IBUF (Prop_ibuf_I_O)         1.388    11.388 r  CLK_IBUF_inst/O
                         net (fo=1, routed)           1.862    13.250    CLK_IBUF
    BUFGCTRL_X0Y0        BUFG (Prop_bufg_I_O)         0.091    13.341 r  CLK_IBUF_BUFG_inst/O
                         net (fo=1901, routed)        1.437    14.778    sine_unit/CLK_IBUF_BUFG
    SLICE_X11Y27         FDCE                                         r  sine_unit/curr_Re_reg[12]_replica/C
                         clock pessimism              0.180    14.958    
                         clock uncertainty           -0.035    14.923    
    SLICE_X11Y27         FDCE (Recov_fdce_C_CLR)     -0.609    14.314    sine_unit/curr_Re_reg[12]_replica
  -------------------------------------------------------------------
                         required time                         14.314    
                         arrival time                         -11.696    
  -------------------------------------------------------------------
                         slack                                  2.618    

Slack (MET) :             2.897ns  (required time - arrival time)
  Source:                 uart_unit/rx_mem_reg[14]/C
                            (rising edge-triggered cell FDCE clocked by sys_clk_pin  {rise@0.000ns fall@5.000ns period=10.000ns})
  Destination:            sine_unit/step_Im_reg[2]/CLR
                            (recovery check against rising-edge clock sys_clk_pin  {rise@0.000ns fall@5.000ns period=10.000ns})
  Path Group:             **async_default**
  Path Type:              Recovery (Max at Slow Process Corner)
  Requirement:            10.000ns  (sys_clk_pin rise@10.000ns - sys_clk_pin rise@0.000ns)
  Data Path Delay:        6.351ns  (logic 0.572ns (9.007%)  route 5.779ns (90.993%))
  Logic Levels:           1  (LUT2=1)
  Clock Path Skew:        -0.108ns (DCD - SCD + CPR)
    Destination Clock Delay (DCD):    4.777ns = ( 14.777 - 10.000 ) 
    Source Clock Delay      (SCD):    5.065ns
    Clock Pessimism Removal (CPR):    0.180ns
  Clock Uncertainty:      0.035ns  ((TSJ^2 + TIJ^2)^1/2 + DJ) / 2 + PE
    Total System Jitter     (TSJ):    0.071ns
    Total Input Jitter      (TIJ):    0.000ns
    Discrete Jitter          (DJ):    0.000ns
    Phase Error              (PE):    0.000ns

    Location             Delay type                Incr(ns)  Path(ns)    Netlist Resource(s)
  -------------------------------------------------------------------    -------------------
                         (clock sys_clk_pin rise edge)
                                                      0.000     0.000 r  
    W5                                                0.000     0.000 r  CLK (IN)
                         net (fo=0)                   0.000     0.000    CLK
    W5                   IBUF (Prop_ibuf_I_O)         1.458     1.458 r  CLK_IBUF_inst/O
                         net (fo=1, routed)           1.967     3.425    CLK_IBUF
    BUFGCTRL_X0Y0        BUFG (Prop_bufg_I_O)         0.096     3.521 r  CLK_IBUF_BUFG_inst/O
                         net (fo=1901, routed)        1.544     5.065    uart_unit/CLK_IBUF_BUFG
    SLICE_X33Y67         FDCE                                         r  uart_unit/rx_mem_reg[14]/C
  -------------------------------------------------------------------    -------------------
    SLICE_X33Y67         FDCE (Prop_fdce_C_Q)         0.456     5.521 f  uart_unit/rx_mem_reg[14]/Q
                         net (fo=86, routed)          0.447     5.968    uart_unit/rx_mem[14]
    SLICE_X30Y68         LUT2 (Prop_lut2_I1_O)        0.116     6.084 f  uart_unit/r_reg[19]_i_3/O
                         net (fo=884, routed)         5.332    11.416    sine_unit/reset
    SLICE_X13Y22         FDCE                                         f  sine_unit/step_Im_reg[2]/CLR
  -------------------------------------------------------------------    -------------------

                         (clock sys_clk_pin rise edge)
                                                     10.000    10.000 r  
    W5                                                0.000    10.000 r  CLK (IN)
                         net (fo=0)                   0.000    10.000    CLK
    W5                   IBUF (Prop_ibuf_I_O)         1.388    11.388 r  CLK_IBUF_inst/O
                         net (fo=1, routed)           1.862    13.250    CLK_IBUF
    BUFGCTRL_X0Y0        BUFG (Prop_bufg_I_O)         0.091    13.341 r  CLK_IBUF_BUFG_inst/O
                         net (fo=1901, routed)        1.436    14.777    sine_unit/CLK_IBUF_BUFG
    SLICE_X13Y22         FDCE                                         r  sine_unit/step_Im_reg[2]/C
                         clock pessimism              0.180    14.957    
                         clock uncertainty           -0.035    14.922    
    SLICE_X13Y22         FDCE (Recov_fdce_C_CLR)     -0.609    14.313    sine_unit/step_Im_reg[2]
  -------------------------------------------------------------------
                         required time                         14.313    
                         arrival time                         -11.416    
  -------------------------------------------------------------------
                         slack                                  2.897    

Slack (MET) :             2.897ns  (required time - arrival time)
  Source:                 uart_unit/rx_mem_reg[14]/C
                            (rising edge-triggered cell FDCE clocked by sys_clk_pin  {rise@0.000ns fall@5.000ns period=10.000ns})
  Destination:            sine_unit/step_Re_reg[10]/CLR
                            (recovery check against rising-edge clock sys_clk_pin  {rise@0.000ns fall@5.000ns period=10.000ns})
  Path Group:             **async_default**
  Path Type:              Recovery (Max at Slow Process Corner)
  Requirement:            10.000ns  (sys_clk_pin rise@10.000ns - sys_clk_pin rise@0.000ns)
  Data Path Delay:        6.351ns  (logic 0.572ns (9.007%)  route 5.779ns (90.993%))
  Logic Levels:           1  (LUT2=1)
  Clock Path Skew:        -0.108ns (DCD - SCD + CPR)
    Destination Clock Delay (DCD):    4.777ns = ( 14.777 - 10.000 ) 
    Source Clock Delay      (SCD):    5.065ns
    Clock Pessimism Removal (CPR):    0.180ns
  Clock Uncertainty:      0.035ns  ((TSJ^2 + TIJ^2)^1/2 + DJ) / 2 + PE
    Total System Jitter     (TSJ):    0.071ns
    Total Input Jitter      (TIJ):    0.000ns
    Discrete Jitter          (DJ):    0.000ns
    Phase Error              (PE):    0.000ns

    Location             Delay type                Incr(ns)  Path(ns)    Netlist Resource(s)
  -------------------------------------------------------------------    -------------------
                         (clock sys_clk_pin rise edge)
                                                      0.000     0.000 r  
    W5                                                0.000     0.000 r  CLK (IN)
                         net (fo=0)                   0.000     0.000    CLK
    W5                   IBUF (Prop_ibuf_I_O)         1.458     1.458 r  CLK_IBUF_inst/O
                         net (fo=1, routed)           1.967     3.425    CLK_IBUF
    BUFGCTRL_X0Y0        BUFG (Prop_bufg_I_O)         0.096     3.521 r  CLK_IBUF_BUFG_inst/O
                         net (fo=1901, routed)        1.544     5.065    uart_unit/CLK_IBUF_BUFG
    SLICE_X33Y67         FDCE                                         r  uart_unit/rx_mem_reg[14]/C
  -------------------------------------------------------------------    -------------------
    SLICE_X33Y67         FDCE (Prop_fdce_C_Q)         0.456     5.521 f  uart_unit/rx_mem_reg[14]/Q
                         net (fo=86, routed)          0.447     5.968    uart_unit/rx_mem[14]
    SLICE_X30Y68         LUT2 (Prop_lut2_I1_O)        0.116     6.084 f  uart_unit/r_reg[19]_i_3/O
                         net (fo=884, routed)         5.332    11.416    sine_unit/reset
    SLICE_X13Y22         FDCE                                         f  sine_unit/step_Re_reg[10]/CLR
  -------------------------------------------------------------------    -------------------

                         (clock sys_clk_pin rise edge)
                                                     10.000    10.000 r  
    W5                                                0.000    10.000 r  CLK (IN)
                         net (fo=0)                   0.000    10.000    CLK
    W5                   IBUF (Prop_ibuf_I_O)         1.388    11.388 r  CLK_IBUF_inst/O
                         net (fo=1, routed)           1.862    13.250    CLK_IBUF
    BUFGCTRL_X0Y0        BUFG (Prop_bufg_I_O)         0.091    13.341 r  CLK_IBUF_BUFG_inst/O
                         net (fo=1901, routed)        1.436    14.777    sine_unit/CLK_IBUF_BUFG
    SLICE_X13Y22         FDCE                                         r  sine_unit/step_Re_reg[10]/C
                         clock pessimism              0.180    14.957    
                         clock uncertainty           -0.035    14.922    
    SLICE_X13Y22         FDCE (Recov_fdce_C_CLR)     -0.609    14.313    sine_unit/step_Re_reg[10]
  -------------------------------------------------------------------
                         required time                         14.313    
                         arrival time                         -11.416    
  -------------------------------------------------------------------
                         slack                                  2.897    

Slack (MET) :             2.897ns  (required time - arrival time)
  Source:                 uart_unit/rx_mem_reg[14]/C
                            (rising edge-triggered cell FDCE clocked by sys_clk_pin  {rise@0.000ns fall@5.000ns period=10.000ns})
  Destination:            sine_unit/step_Re_reg[15]_replica/CLR
                            (recovery check against rising-edge clock sys_clk_pin  {rise@0.000ns fall@5.000ns period=10.000ns})
  Path Group:             **async_default**
  Path Type:              Recovery (Max at Slow Process Corner)
  Requirement:            10.000ns  (sys_clk_pin rise@10.000ns - sys_clk_pin rise@0.000ns)
  Data Path Delay:        6.351ns  (logic 0.572ns (9.007%)  route 5.779ns (90.993%))
  Logic Levels:           1  (LUT2=1)
  Clock Path Skew:        -0.108ns (DCD - SCD + CPR)
    Destination Clock Delay (DCD):    4.777ns = ( 14.777 - 10.000 ) 
    Source Clock Delay      (SCD):    5.065ns
    Clock Pessimism Removal (CPR):    0.180ns
  Clock Uncertainty:      0.035ns  ((TSJ^2 + TIJ^2)^1/2 + DJ) / 2 + PE
    Total System Jitter     (TSJ):    0.071ns
    Total Input Jitter      (TIJ):    0.000ns
    Discrete Jitter          (DJ):    0.000ns
    Phase Error              (PE):    0.000ns

    Location             Delay type                Incr(ns)  Path(ns)    Netlist Resource(s)
  -------------------------------------------------------------------    -------------------
                         (clock sys_clk_pin rise edge)
                                                      0.000     0.000 r  
    W5                                                0.000     0.000 r  CLK (IN)
                         net (fo=0)                   0.000     0.000    CLK
    W5                   IBUF (Prop_ibuf_I_O)         1.458     1.458 r  CLK_IBUF_inst/O
                         net (fo=1, routed)           1.967     3.425    CLK_IBUF
    BUFGCTRL_X0Y0        BUFG (Prop_bufg_I_O)         0.096     3.521 r  CLK_IBUF_BUFG_inst/O
                         net (fo=1901, routed)        1.544     5.065    uart_unit/CLK_IBUF_BUFG
    SLICE_X33Y67         FDCE                                         r  uart_unit/rx_mem_reg[14]/C
  -------------------------------------------------------------------    -------------------
    SLICE_X33Y67         FDCE (Prop_fdce_C_Q)         0.456     5.521 f  uart_unit/rx_mem_reg[14]/Q
                         net (fo=86, routed)          0.447     5.968    uart_unit/rx_mem[14]
    SLICE_X30Y68         LUT2 (Prop_lut2_I1_O)        0.116     6.084 f  uart_unit/r_reg[19]_i_3/O
                         net (fo=884, routed)         5.332    11.416    sine_unit/reset
    SLICE_X13Y22         FDCE                                         f  sine_unit/step_Re_reg[15]_replica/CLR
  -------------------------------------------------------------------    -------------------

                         (clock sys_clk_pin rise edge)
                                                     10.000    10.000 r  
    W5                                                0.000    10.000 r  CLK (IN)
                         net (fo=0)                   0.000    10.000    CLK
    W5                   IBUF (Prop_ibuf_I_O)         1.388    11.388 r  CLK_IBUF_inst/O
                         net (fo=1, routed)           1.862    13.250    CLK_IBUF
    BUFGCTRL_X0Y0        BUFG (Prop_bufg_I_O)         0.091    13.341 r  CLK_IBUF_BUFG_inst/O
                         net (fo=1901, routed)        1.436    14.777    sine_unit/CLK_IBUF_BUFG
    SLICE_X13Y22         FDCE                                         r  sine_unit/step_Re_reg[15]_replica/C
                         clock pessimism              0.180    14.957    
                         clock uncertainty           -0.035    14.922    
    SLICE_X13Y22         FDCE (Recov_fdce_C_CLR)     -0.609    14.313    sine_unit/step_Re_reg[15]_replica
  -------------------------------------------------------------------
                         required time                         14.313    
                         arrival time                         -11.416    
  -------------------------------------------------------------------
                         slack                                  2.897    

Slack (MET) :             2.897ns  (required time - arrival time)
  Source:                 uart_unit/rx_mem_reg[14]/C
                            (rising edge-triggered cell FDCE clocked by sys_clk_pin  {rise@0.000ns fall@5.000ns period=10.000ns})
  Destination:            sine_unit/step_Re_reg[8]_replica/CLR
                            (recovery check against rising-edge clock sys_clk_pin  {rise@0.000ns fall@5.000ns period=10.000ns})
  Path Group:             **async_default**
  Path Type:              Recovery (Max at Slow Process Corner)
  Requirement:            10.000ns  (sys_clk_pin rise@10.000ns - sys_clk_pin rise@0.000ns)
  Data Path Delay:        6.351ns  (logic 0.572ns (9.007%)  route 5.779ns (90.993%))
  Logic Levels:           1  (LUT2=1)
  Clock Path Skew:        -0.108ns (DCD - SCD + CPR)
    Destination Clock Delay (DCD):    4.777ns = ( 14.777 - 10.000 ) 
    Source Clock Delay      (SCD):    5.065ns
    Clock Pessimism Removal (CPR):    0.180ns
  Clock Uncertainty:      0.035ns  ((TSJ^2 + TIJ^2)^1/2 + DJ) / 2 + PE
    Total System Jitter     (TSJ):    0.071ns
    Total Input Jitter      (TIJ):    0.000ns
    Discrete Jitter          (DJ):    0.000ns
    Phase Error              (PE):    0.000ns

    Location             Delay type                Incr(ns)  Path(ns)    Netlist Resource(s)
  -------------------------------------------------------------------    -------------------
                         (clock sys_clk_pin rise edge)
                                                      0.000     0.000 r  
    W5                                                0.000     0.000 r  CLK (IN)
                         net (fo=0)                   0.000     0.000    CLK
    W5                   IBUF (Prop_ibuf_I_O)         1.458     1.458 r  CLK_IBUF_inst/O
                         net (fo=1, routed)           1.967     3.425    CLK_IBUF
    BUFGCTRL_X0Y0        BUFG (Prop_bufg_I_O)         0.096     3.521 r  CLK_IBUF_BUFG_inst/O
                         net (fo=1901, routed)        1.544     5.065    uart_unit/CLK_IBUF_BUFG
    SLICE_X33Y67         FDCE                                         r  uart_unit/rx_mem_reg[14]/C
  -------------------------------------------------------------------    -------------------
    SLICE_X33Y67         FDCE (Prop_fdce_C_Q)         0.456     5.521 f  uart_unit/rx_mem_reg[14]/Q
                         net (fo=86, routed)          0.447     5.968    uart_unit/rx_mem[14]
    SLICE_X30Y68         LUT2 (Prop_lut2_I1_O)        0.116     6.084 f  uart_unit/r_reg[19]_i_3/O
                         net (fo=884, routed)         5.332    11.416    sine_unit/reset
    SLICE_X13Y22         FDCE                                         f  sine_unit/step_Re_reg[8]_replica/CLR
  -------------------------------------------------------------------    -------------------

                         (clock sys_clk_pin rise edge)
                                                     10.000    10.000 r  
    W5                                                0.000    10.000 r  CLK (IN)
                         net (fo=0)                   0.000    10.000    CLK
    W5                   IBUF (Prop_ibuf_I_O)         1.388    11.388 r  CLK_IBUF_inst/O
                         net (fo=1, routed)           1.862    13.250    CLK_IBUF
    BUFGCTRL_X0Y0        BUFG (Prop_bufg_I_O)         0.091    13.341 r  CLK_IBUF_BUFG_inst/O
                         net (fo=1901, routed)        1.436    14.777    sine_unit/CLK_IBUF_BUFG
    SLICE_X13Y22         FDCE                                         r  sine_unit/step_Re_reg[8]_replica/C
                         clock pessimism              0.180    14.957    
                         clock uncertainty           -0.035    14.922    
    SLICE_X13Y22         FDCE (Recov_fdce_C_CLR)     -0.609    14.313    sine_unit/step_Re_reg[8]_replica
  -------------------------------------------------------------------
                         required time                         14.313    
                         arrival time                         -11.416    
  -------------------------------------------------------------------
                         slack                                  2.897    





Min Delay Paths
--------------------------------------------------------------------------------------
Slack (MET) :             0.538ns  (arrival time - required time)
  Source:                 uart_unit/rx_mem_reg[14]/C
                            (rising edge-triggered cell FDCE clocked by sys_clk_pin  {rise@0.000ns fall@5.000ns period=10.000ns})
  Destination:            sine_unit/cntN_reg[0]/CLR
                            (removal check against rising-edge clock sys_clk_pin  {rise@0.000ns fall@5.000ns period=10.000ns})
  Path Group:             **async_default**
  Path Type:              Removal (Min at Fast Process Corner)
  Requirement:            0.000ns  (sys_clk_pin rise@0.000ns - sys_clk_pin rise@0.000ns)
  Data Path Delay:        0.638ns  (logic 0.189ns (29.627%)  route 0.449ns (70.373%))
  Logic Levels:           1  (LUT2=1)
  Clock Path Skew:        0.258ns (DCD - SCD - CPR)
    Destination Clock Delay (DCD):    1.945ns
    Source Clock Delay      (SCD):    1.438ns
    Clock Pessimism Removal (CPR):    0.249ns

    Location             Delay type                Incr(ns)  Path(ns)    Netlist Resource(s)
  -------------------------------------------------------------------    -------------------
                         (clock sys_clk_pin rise edge)
                                                      0.000     0.000 r  
    W5                                                0.000     0.000 r  CLK (IN)
                         net (fo=0)                   0.000     0.000    CLK
    W5                   IBUF (Prop_ibuf_I_O)         0.226     0.226 r  CLK_IBUF_inst/O
                         net (fo=1, routed)           0.631     0.858    CLK_IBUF
    BUFGCTRL_X0Y0        BUFG (Prop_bufg_I_O)         0.026     0.884 r  CLK_IBUF_BUFG_inst/O
                         net (fo=1901, routed)        0.555     1.438    uart_unit/CLK_IBUF_BUFG
    SLICE_X33Y67         FDCE                                         r  uart_unit/rx_mem_reg[14]/C
  -------------------------------------------------------------------    -------------------
    SLICE_X33Y67         FDCE (Prop_fdce_C_Q)         0.141     1.579 f  uart_unit/rx_mem_reg[14]/Q
                         net (fo=86, routed)          0.155     1.734    uart_unit/rx_mem[14]
    SLICE_X30Y68         LUT2 (Prop_lut2_I1_O)        0.048     1.782 f  uart_unit/r_reg[19]_i_3/O
                         net (fo=884, routed)         0.294     2.076    sine_unit/reset
    SLICE_X40Y72         FDCE                                         f  sine_unit/cntN_reg[0]/CLR
  -------------------------------------------------------------------    -------------------

                         (clock sys_clk_pin rise edge)
                                                      0.000     0.000 r  
    W5                                                0.000     0.000 r  CLK (IN)
                         net (fo=0)                   0.000     0.000    CLK
    W5                   IBUF (Prop_ibuf_I_O)         0.414     0.414 r  CLK_IBUF_inst/O
                         net (fo=1, routed)           0.685     1.099    CLK_IBUF
    BUFGCTRL_X0Y0        BUFG (Prop_bufg_I_O)         0.029     1.128 r  CLK_IBUF_BUFG_inst/O
                         net (fo=1901, routed)        0.817     1.945    sine_unit/CLK_IBUF_BUFG
    SLICE_X40Y72         FDCE                                         r  sine_unit/cntN_reg[0]/C
                         clock pessimism             -0.249     1.696    
    SLICE_X40Y72         FDCE (Remov_fdce_C_CLR)     -0.158     1.538    sine_unit/cntN_reg[0]
  -------------------------------------------------------------------
                         required time                         -1.538    
                         arrival time                           2.076    
  -------------------------------------------------------------------
                         slack                                  0.538    

Slack (MET) :             0.538ns  (arrival time - required time)
  Source:                 uart_unit/rx_mem_reg[14]/C
                            (rising edge-triggered cell FDCE clocked by sys_clk_pin  {rise@0.000ns fall@5.000ns period=10.000ns})
  Destination:            sine_unit/cntN_reg[18]/CLR
                            (removal check against rising-edge clock sys_clk_pin  {rise@0.000ns fall@5.000ns period=10.000ns})
  Path Group:             **async_default**
  Path Type:              Removal (Min at Fast Process Corner)
  Requirement:            0.000ns  (sys_clk_pin rise@0.000ns - sys_clk_pin rise@0.000ns)
  Data Path Delay:        0.638ns  (logic 0.189ns (29.627%)  route 0.449ns (70.373%))
  Logic Levels:           1  (LUT2=1)
  Clock Path Skew:        0.258ns (DCD - SCD - CPR)
    Destination Clock Delay (DCD):    1.945ns
    Source Clock Delay      (SCD):    1.438ns
    Clock Pessimism Removal (CPR):    0.249ns

    Location             Delay type                Incr(ns)  Path(ns)    Netlist Resource(s)
  -------------------------------------------------------------------    -------------------
                         (clock sys_clk_pin rise edge)
                                                      0.000     0.000 r  
    W5                                                0.000     0.000 r  CLK (IN)
                         net (fo=0)                   0.000     0.000    CLK
    W5                   IBUF (Prop_ibuf_I_O)         0.226     0.226 r  CLK_IBUF_inst/O
                         net (fo=1, routed)           0.631     0.858    CLK_IBUF
    BUFGCTRL_X0Y0        BUFG (Prop_bufg_I_O)         0.026     0.884 r  CLK_IBUF_BUFG_inst/O
                         net (fo=1901, routed)        0.555     1.438    uart_unit/CLK_IBUF_BUFG
    SLICE_X33Y67         FDCE                                         r  uart_unit/rx_mem_reg[14]/C
  -------------------------------------------------------------------    -------------------
    SLICE_X33Y67         FDCE (Prop_fdce_C_Q)         0.141     1.579 f  uart_unit/rx_mem_reg[14]/Q
                         net (fo=86, routed)          0.155     1.734    uart_unit/rx_mem[14]
    SLICE_X30Y68         LUT2 (Prop_lut2_I1_O)        0.048     1.782 f  uart_unit/r_reg[19]_i_3/O
                         net (fo=884, routed)         0.294     2.076    sine_unit/reset
    SLICE_X40Y72         FDCE                                         f  sine_unit/cntN_reg[18]/CLR
  -------------------------------------------------------------------    -------------------

                         (clock sys_clk_pin rise edge)
                                                      0.000     0.000 r  
    W5                                                0.000     0.000 r  CLK (IN)
                         net (fo=0)                   0.000     0.000    CLK
    W5                   IBUF (Prop_ibuf_I_O)         0.414     0.414 r  CLK_IBUF_inst/O
                         net (fo=1, routed)           0.685     1.099    CLK_IBUF
    BUFGCTRL_X0Y0        BUFG (Prop_bufg_I_O)         0.029     1.128 r  CLK_IBUF_BUFG_inst/O
                         net (fo=1901, routed)        0.817     1.945    sine_unit/CLK_IBUF_BUFG
    SLICE_X40Y72         FDCE                                         r  sine_unit/cntN_reg[18]/C
                         clock pessimism             -0.249     1.696    
    SLICE_X40Y72         FDCE (Remov_fdce_C_CLR)     -0.158     1.538    sine_unit/cntN_reg[18]
  -------------------------------------------------------------------
                         required time                         -1.538    
                         arrival time                           2.076    
  -------------------------------------------------------------------
                         slack                                  0.538    

Slack (MET) :             0.538ns  (arrival time - required time)
  Source:                 uart_unit/rx_mem_reg[14]/C
                            (rising edge-triggered cell FDCE clocked by sys_clk_pin  {rise@0.000ns fall@5.000ns period=10.000ns})
  Destination:            sine_unit/cntN_reg[20]/CLR
                            (removal check against rising-edge clock sys_clk_pin  {rise@0.000ns fall@5.000ns period=10.000ns})
  Path Group:             **async_default**
  Path Type:              Removal (Min at Fast Process Corner)
  Requirement:            0.000ns  (sys_clk_pin rise@0.000ns - sys_clk_pin rise@0.000ns)
  Data Path Delay:        0.638ns  (logic 0.189ns (29.627%)  route 0.449ns (70.373%))
  Logic Levels:           1  (LUT2=1)
  Clock Path Skew:        0.258ns (DCD - SCD - CPR)
    Destination Clock Delay (DCD):    1.945ns
    Source Clock Delay      (SCD):    1.438ns
    Clock Pessimism Removal (CPR):    0.249ns

    Location             Delay type                Incr(ns)  Path(ns)    Netlist Resource(s)
  -------------------------------------------------------------------    -------------------
                         (clock sys_clk_pin rise edge)
                                                      0.000     0.000 r  
    W5                                                0.000     0.000 r  CLK (IN)
                         net (fo=0)                   0.000     0.000    CLK
    W5                   IBUF (Prop_ibuf_I_O)         0.226     0.226 r  CLK_IBUF_inst/O
                         net (fo=1, routed)           0.631     0.858    CLK_IBUF
    BUFGCTRL_X0Y0        BUFG (Prop_bufg_I_O)         0.026     0.884 r  CLK_IBUF_BUFG_inst/O
                         net (fo=1901, routed)        0.555     1.438    uart_unit/CLK_IBUF_BUFG
    SLICE_X33Y67         FDCE                                         r  uart_unit/rx_mem_reg[14]/C
  -------------------------------------------------------------------    -------------------
    SLICE_X33Y67         FDCE (Prop_fdce_C_Q)         0.141     1.579 f  uart_unit/rx_mem_reg[14]/Q
                         net (fo=86, routed)          0.155     1.734    uart_unit/rx_mem[14]
    SLICE_X30Y68         LUT2 (Prop_lut2_I1_O)        0.048     1.782 f  uart_unit/r_reg[19]_i_3/O
                         net (fo=884, routed)         0.294     2.076    sine_unit/reset
    SLICE_X40Y72         FDCE                                         f  sine_unit/cntN_reg[20]/CLR
  -------------------------------------------------------------------    -------------------

                         (clock sys_clk_pin rise edge)
                                                      0.000     0.000 r  
    W5                                                0.000     0.000 r  CLK (IN)
                         net (fo=0)                   0.000     0.000    CLK
    W5                   IBUF (Prop_ibuf_I_O)         0.414     0.414 r  CLK_IBUF_inst/O
                         net (fo=1, routed)           0.685     1.099    CLK_IBUF
    BUFGCTRL_X0Y0        BUFG (Prop_bufg_I_O)         0.029     1.128 r  CLK_IBUF_BUFG_inst/O
                         net (fo=1901, routed)        0.817     1.945    sine_unit/CLK_IBUF_BUFG
    SLICE_X40Y72         FDCE                                         r  sine_unit/cntN_reg[20]/C
                         clock pessimism             -0.249     1.696    
    SLICE_X40Y72         FDCE (Remov_fdce_C_CLR)     -0.158     1.538    sine_unit/cntN_reg[20]
  -------------------------------------------------------------------
                         required time                         -1.538    
                         arrival time                           2.076    
  -------------------------------------------------------------------
                         slack                                  0.538    

Slack (MET) :             0.589ns  (arrival time - required time)
  Source:                 uart_unit/rx_mem_reg[14]/C
                            (rising edge-triggered cell FDCE clocked by sys_clk_pin  {rise@0.000ns fall@5.000ns period=10.000ns})
  Destination:            sine_unit/cntN_reg[21]/CLR
                            (removal check against rising-edge clock sys_clk_pin  {rise@0.000ns fall@5.000ns period=10.000ns})
  Path Group:             **async_default**
  Path Type:              Removal (Min at Fast Process Corner)
  Requirement:            0.000ns  (sys_clk_pin rise@0.000ns - sys_clk_pin rise@0.000ns)
  Data Path Delay:        0.687ns  (logic 0.189ns (27.512%)  route 0.498ns (72.488%))
  Logic Levels:           1  (LUT2=1)
  Clock Path Skew:        0.256ns (DCD - SCD - CPR)
    Destination Clock Delay (DCD):    1.943ns
    Source Clock Delay      (SCD):    1.438ns
    Clock Pessimism Removal (CPR):    0.249ns

    Location             Delay type                Incr(ns)  Path(ns)    Netlist Resource(s)
  -------------------------------------------------------------------    -------------------
                         (clock sys_clk_pin rise edge)
                                                      0.000     0.000 r  
    W5                                                0.000     0.000 r  CLK (IN)
                         net (fo=0)                   0.000     0.000    CLK
    W5                   IBUF (Prop_ibuf_I_O)         0.226     0.226 r  CLK_IBUF_inst/O
                         net (fo=1, routed)           0.631     0.858    CLK_IBUF
    BUFGCTRL_X0Y0        BUFG (Prop_bufg_I_O)         0.026     0.884 r  CLK_IBUF_BUFG_inst/O
                         net (fo=1901, routed)        0.555     1.438    uart_unit/CLK_IBUF_BUFG
    SLICE_X33Y67         FDCE                                         r  uart_unit/rx_mem_reg[14]/C
  -------------------------------------------------------------------    -------------------
    SLICE_X33Y67         FDCE (Prop_fdce_C_Q)         0.141     1.579 f  uart_unit/rx_mem_reg[14]/Q
                         net (fo=86, routed)          0.155     1.734    uart_unit/rx_mem[14]
    SLICE_X30Y68         LUT2 (Prop_lut2_I1_O)        0.048     1.782 f  uart_unit/r_reg[19]_i_3/O
                         net (fo=884, routed)         0.343     2.125    sine_unit/reset
    SLICE_X41Y73         FDCE                                         f  sine_unit/cntN_reg[21]/CLR
  -------------------------------------------------------------------    -------------------

                         (clock sys_clk_pin rise edge)
                                                      0.000     0.000 r  
    W5                                                0.000     0.000 r  CLK (IN)
                         net (fo=0)                   0.000     0.000    CLK
    W5                   IBUF (Prop_ibuf_I_O)         0.414     0.414 r  CLK_IBUF_inst/O
                         net (fo=1, routed)           0.685     1.099    CLK_IBUF
    BUFGCTRL_X0Y0        BUFG (Prop_bufg_I_O)         0.029     1.128 r  CLK_IBUF_BUFG_inst/O
                         net (fo=1901, routed)        0.816     1.943    sine_unit/CLK_IBUF_BUFG
    SLICE_X41Y73         FDCE                                         r  sine_unit/cntN_reg[21]/C
                         clock pessimism             -0.249     1.694    
    SLICE_X41Y73         FDCE (Remov_fdce_C_CLR)     -0.158     1.536    sine_unit/cntN_reg[21]
  -------------------------------------------------------------------
                         required time                         -1.536    
                         arrival time                           2.125    
  -------------------------------------------------------------------
                         slack                                  0.589    

Slack (MET) :             0.589ns  (arrival time - required time)
  Source:                 uart_unit/rx_mem_reg[14]/C
                            (rising edge-triggered cell FDCE clocked by sys_clk_pin  {rise@0.000ns fall@5.000ns period=10.000ns})
  Destination:            sine_unit/cntN_reg[22]/CLR
                            (removal check against rising-edge clock sys_clk_pin  {rise@0.000ns fall@5.000ns period=10.000ns})
  Path Group:             **async_default**
  Path Type:              Removal (Min at Fast Process Corner)
  Requirement:            0.000ns  (sys_clk_pin rise@0.000ns - sys_clk_pin rise@0.000ns)
  Data Path Delay:        0.687ns  (logic 0.189ns (27.512%)  route 0.498ns (72.488%))
  Logic Levels:           1  (LUT2=1)
  Clock Path Skew:        0.256ns (DCD - SCD - CPR)
    Destination Clock Delay (DCD):    1.943ns
    Source Clock Delay      (SCD):    1.438ns
    Clock Pessimism Removal (CPR):    0.249ns

    Location             Delay type                Incr(ns)  Path(ns)    Netlist Resource(s)
  -------------------------------------------------------------------    -------------------
                         (clock sys_clk_pin rise edge)
                                                      0.000     0.000 r  
    W5                                                0.000     0.000 r  CLK (IN)
                         net (fo=0)                   0.000     0.000    CLK
    W5                   IBUF (Prop_ibuf_I_O)         0.226     0.226 r  CLK_IBUF_inst/O
                         net (fo=1, routed)           0.631     0.858    CLK_IBUF
    BUFGCTRL_X0Y0        BUFG (Prop_bufg_I_O)         0.026     0.884 r  CLK_IBUF_BUFG_inst/O
                         net (fo=1901, routed)        0.555     1.438    uart_unit/CLK_IBUF_BUFG
    SLICE_X33Y67         FDCE                                         r  uart_unit/rx_mem_reg[14]/C
  -------------------------------------------------------------------    -------------------
    SLICE_X33Y67         FDCE (Prop_fdce_C_Q)         0.141     1.579 f  uart_unit/rx_mem_reg[14]/Q
                         net (fo=86, routed)          0.155     1.734    uart_unit/rx_mem[14]
    SLICE_X30Y68         LUT2 (Prop_lut2_I1_O)        0.048     1.782 f  uart_unit/r_reg[19]_i_3/O
                         net (fo=884, routed)         0.343     2.125    sine_unit/reset
    SLICE_X41Y73         FDCE                                         f  sine_unit/cntN_reg[22]/CLR
  -------------------------------------------------------------------    -------------------

                         (clock sys_clk_pin rise edge)
                                                      0.000     0.000 r  
    W5                                                0.000     0.000 r  CLK (IN)
                         net (fo=0)                   0.000     0.000    CLK
    W5                   IBUF (Prop_ibuf_I_O)         0.414     0.414 r  CLK_IBUF_inst/O
                         net (fo=1, routed)           0.685     1.099    CLK_IBUF
    BUFGCTRL_X0Y0        BUFG (Prop_bufg_I_O)         0.029     1.128 r  CLK_IBUF_BUFG_inst/O
                         net (fo=1901, routed)        0.816     1.943    sine_unit/CLK_IBUF_BUFG
    SLICE_X41Y73         FDCE                                         r  sine_unit/cntN_reg[22]/C
                         clock pessimism             -0.249     1.694    
    SLICE_X41Y73         FDCE (Remov_fdce_C_CLR)     -0.158     1.536    sine_unit/cntN_reg[22]
  -------------------------------------------------------------------
                         required time                         -1.536    
                         arrival time                           2.125    
  -------------------------------------------------------------------
                         slack                                  0.589    

Slack (MET) :             0.589ns  (arrival time - required time)
  Source:                 uart_unit/rx_mem_reg[14]/C
                            (rising edge-triggered cell FDCE clocked by sys_clk_pin  {rise@0.000ns fall@5.000ns period=10.000ns})
  Destination:            sine_unit/cntN_reg[23]/CLR
                            (removal check against rising-edge clock sys_clk_pin  {rise@0.000ns fall@5.000ns period=10.000ns})
  Path Group:             **async_default**
  Path Type:              Removal (Min at Fast Process Corner)
  Requirement:            0.000ns  (sys_clk_pin rise@0.000ns - sys_clk_pin rise@0.000ns)
  Data Path Delay:        0.687ns  (logic 0.189ns (27.512%)  route 0.498ns (72.488%))
  Logic Levels:           1  (LUT2=1)
  Clock Path Skew:        0.256ns (DCD - SCD - CPR)
    Destination Clock Delay (DCD):    1.943ns
    Source Clock Delay      (SCD):    1.438ns
    Clock Pessimism Removal (CPR):    0.249ns

    Location             Delay type                Incr(ns)  Path(ns)    Netlist Resource(s)
  -------------------------------------------------------------------    -------------------
                         (clock sys_clk_pin rise edge)
                                                      0.000     0.000 r  
    W5                                                0.000     0.000 r  CLK (IN)
                         net (fo=0)                   0.000     0.000    CLK
    W5                   IBUF (Prop_ibuf_I_O)         0.226     0.226 r  CLK_IBUF_inst/O
                         net (fo=1, routed)           0.631     0.858    CLK_IBUF
    BUFGCTRL_X0Y0        BUFG (Prop_bufg_I_O)         0.026     0.884 r  CLK_IBUF_BUFG_inst/O
                         net (fo=1901, routed)        0.555     1.438    uart_unit/CLK_IBUF_BUFG
    SLICE_X33Y67         FDCE                                         r  uart_unit/rx_mem_reg[14]/C
  -------------------------------------------------------------------    -------------------
    SLICE_X33Y67         FDCE (Prop_fdce_C_Q)         0.141     1.579 f  uart_unit/rx_mem_reg[14]/Q
                         net (fo=86, routed)          0.155     1.734    uart_unit/rx_mem[14]
    SLICE_X30Y68         LUT2 (Prop_lut2_I1_O)        0.048     1.782 f  uart_unit/r_reg[19]_i_3/O
                         net (fo=884, routed)         0.343     2.125    sine_unit/reset
    SLICE_X41Y73         FDCE                                         f  sine_unit/cntN_reg[23]/CLR
  -------------------------------------------------------------------    -------------------

                         (clock sys_clk_pin rise edge)
                                                      0.000     0.000 r  
    W5                                                0.000     0.000 r  CLK (IN)
                         net (fo=0)                   0.000     0.000    CLK
    W5                   IBUF (Prop_ibuf_I_O)         0.414     0.414 r  CLK_IBUF_inst/O
                         net (fo=1, routed)           0.685     1.099    CLK_IBUF
    BUFGCTRL_X0Y0        BUFG (Prop_bufg_I_O)         0.029     1.128 r  CLK_IBUF_BUFG_inst/O
                         net (fo=1901, routed)        0.816     1.943    sine_unit/CLK_IBUF_BUFG
    SLICE_X41Y73         FDCE                                         r  sine_unit/cntN_reg[23]/C
                         clock pessimism             -0.249     1.694    
    SLICE_X41Y73         FDCE (Remov_fdce_C_CLR)     -0.158     1.536    sine_unit/cntN_reg[23]
  -------------------------------------------------------------------
                         required time                         -1.536    
                         arrival time                           2.125    
  -------------------------------------------------------------------
                         slack                                  0.589    

Slack (MET) :             0.589ns  (arrival time - required time)
  Source:                 uart_unit/rx_mem_reg[14]/C
                            (rising edge-triggered cell FDCE clocked by sys_clk_pin  {rise@0.000ns fall@5.000ns period=10.000ns})
  Destination:            sine_unit/cntN_reg[24]/CLR
                            (removal check against rising-edge clock sys_clk_pin  {rise@0.000ns fall@5.000ns period=10.000ns})
  Path Group:             **async_default**
  Path Type:              Removal (Min at Fast Process Corner)
  Requirement:            0.000ns  (sys_clk_pin rise@0.000ns - sys_clk_pin rise@0.000ns)
  Data Path Delay:        0.687ns  (logic 0.189ns (27.512%)  route 0.498ns (72.488%))
  Logic Levels:           1  (LUT2=1)
  Clock Path Skew:        0.256ns (DCD - SCD - CPR)
    Destination Clock Delay (DCD):    1.943ns
    Source Clock Delay      (SCD):    1.438ns
    Clock Pessimism Removal (CPR):    0.249ns

    Location             Delay type                Incr(ns)  Path(ns)    Netlist Resource(s)
  -------------------------------------------------------------------    -------------------
                         (clock sys_clk_pin rise edge)
                                                      0.000     0.000 r  
    W5                                                0.000     0.000 r  CLK (IN)
                         net (fo=0)                   0.000     0.000    CLK
    W5                   IBUF (Prop_ibuf_I_O)         0.226     0.226 r  CLK_IBUF_inst/O
                         net (fo=1, routed)           0.631     0.858    CLK_IBUF
    BUFGCTRL_X0Y0        BUFG (Prop_bufg_I_O)         0.026     0.884 r  CLK_IBUF_BUFG_inst/O
                         net (fo=1901, routed)        0.555     1.438    uart_unit/CLK_IBUF_BUFG
    SLICE_X33Y67         FDCE                                         r  uart_unit/rx_mem_reg[14]/C
  -------------------------------------------------------------------    -------------------
    SLICE_X33Y67         FDCE (Prop_fdce_C_Q)         0.141     1.579 f  uart_unit/rx_mem_reg[14]/Q
                         net (fo=86, routed)          0.155     1.734    uart_unit/rx_mem[14]
    SLICE_X30Y68         LUT2 (Prop_lut2_I1_O)        0.048     1.782 f  uart_unit/r_reg[19]_i_3/O
                         net (fo=884, routed)         0.343     2.125    sine_unit/reset
    SLICE_X41Y73         FDCE                                         f  sine_unit/cntN_reg[24]/CLR
  -------------------------------------------------------------------    -------------------

                         (clock sys_clk_pin rise edge)
                                                      0.000     0.000 r  
    W5                                                0.000     0.000 r  CLK (IN)
                         net (fo=0)                   0.000     0.000    CLK
    W5                   IBUF (Prop_ibuf_I_O)         0.414     0.414 r  CLK_IBUF_inst/O
                         net (fo=1, routed)           0.685     1.099    CLK_IBUF
    BUFGCTRL_X0Y0        BUFG (Prop_bufg_I_O)         0.029     1.128 r  CLK_IBUF_BUFG_inst/O
                         net (fo=1901, routed)        0.816     1.943    sine_unit/CLK_IBUF_BUFG
    SLICE_X41Y73         FDCE                                         r  sine_unit/cntN_reg[24]/C
                         clock pessimism             -0.249     1.694    
    SLICE_X41Y73         FDCE (Remov_fdce_C_CLR)     -0.158     1.536    sine_unit/cntN_reg[24]
  -------------------------------------------------------------------
                         required time                         -1.536    
                         arrival time                           2.125    
  -------------------------------------------------------------------
                         slack                                  0.589    

Slack (MET) :             0.637ns  (arrival time - required time)
  Source:                 uart_unit/rx_mem_reg[14]/C
                            (rising edge-triggered cell FDCE clocked by sys_clk_pin  {rise@0.000ns fall@5.000ns period=10.000ns})
  Destination:            tri_unit/r_reg_reg[9]_P/PRE
                            (removal check against rising-edge clock sys_clk_pin  {rise@0.000ns fall@5.000ns period=10.000ns})
  Path Group:             **async_default**
  Path Type:              Removal (Min at Fast Process Corner)
  Requirement:            0.000ns  (sys_clk_pin rise@0.000ns - sys_clk_pin rise@0.000ns)
  Data Path Delay:        0.811ns  (logic 0.186ns (22.933%)  route 0.625ns (77.067%))
  Logic Levels:           1  (LUT3=1)
  Clock Path Skew:        0.269ns (DCD - SCD - CPR)
    Destination Clock Delay (DCD):    1.956ns
    Source Clock Delay      (SCD):    1.438ns
    Clock Pessimism Removal (CPR):    0.249ns

    Location             Delay type                Incr(ns)  Path(ns)    Netlist Resource(s)
  -------------------------------------------------------------------    -------------------
                         (clock sys_clk_pin rise edge)
                                                      0.000     0.000 r  
    W5                                                0.000     0.000 r  CLK (IN)
                         net (fo=0)                   0.000     0.000    CLK
    W5                   IBUF (Prop_ibuf_I_O)         0.226     0.226 r  CLK_IBUF_inst/O
                         net (fo=1, routed)           0.631     0.858    CLK_IBUF
    BUFGCTRL_X0Y0        BUFG (Prop_bufg_I_O)         0.026     0.884 r  CLK_IBUF_BUFG_inst/O
                         net (fo=1901, routed)        0.555     1.438    uart_unit/CLK_IBUF_BUFG
    SLICE_X33Y67         FDCE                                         r  uart_unit/rx_mem_reg[14]/C
  -------------------------------------------------------------------    -------------------
    SLICE_X33Y67         FDCE (Prop_fdce_C_Q)         0.141     1.579 f  uart_unit/rx_mem_reg[14]/Q
                         net (fo=86, routed)          0.494     2.073    uart_unit/rx_mem[14]
    SLICE_X45Y61         LUT3 (Prop_lut3_I1_O)        0.045     2.118 f  uart_unit/r_reg_reg[9]_LDC_i_1/O
                         net (fo=2, routed)           0.131     2.249    tri_unit/r_reg_reg[9]_P_0
    SLICE_X43Y61         FDPE                                         f  tri_unit/r_reg_reg[9]_P/PRE
  -------------------------------------------------------------------    -------------------

                         (clock sys_clk_pin rise edge)
                                                      0.000     0.000 r  
    W5                                                0.000     0.000 r  CLK (IN)
                         net (fo=0)                   0.000     0.000    CLK
    W5                   IBUF (Prop_ibuf_I_O)         0.414     0.414 r  CLK_IBUF_inst/O
                         net (fo=1, routed)           0.685     1.099    CLK_IBUF
    BUFGCTRL_X0Y0        BUFG (Prop_bufg_I_O)         0.029     1.128 r  CLK_IBUF_BUFG_inst/O
                         net (fo=1901, routed)        0.829     1.956    tri_unit/CLK_IBUF_BUFG
    SLICE_X43Y61         FDPE                                         r  tri_unit/r_reg_reg[9]_P/C
                         clock pessimism             -0.249     1.707    
    SLICE_X43Y61         FDPE (Remov_fdpe_C_PRE)     -0.095     1.612    tri_unit/r_reg_reg[9]_P
  -------------------------------------------------------------------
                         required time                         -1.612    
                         arrival time                           2.249    
  -------------------------------------------------------------------
                         slack                                  0.637    

Slack (MET) :             0.653ns  (arrival time - required time)
  Source:                 uart_unit/rx_mem_reg[191]/C
                            (rising edge-triggered cell FDCE clocked by sys_clk_pin  {rise@0.000ns fall@5.000ns period=10.000ns})
  Destination:            tri_unit/r_reg_reg[3]_P/PRE
                            (removal check against rising-edge clock sys_clk_pin  {rise@0.000ns fall@5.000ns period=10.000ns})
  Path Group:             **async_default**
  Path Type:              Removal (Min at Fast Process Corner)
  Requirement:            0.000ns  (sys_clk_pin rise@0.000ns - sys_clk_pin rise@0.000ns)
  Data Path Delay:        0.593ns  (logic 0.186ns (31.363%)  route 0.407ns (68.637%))
  Logic Levels:           1  (LUT3=1)
  Clock Path Skew:        0.035ns (DCD - SCD - CPR)
    Destination Clock Delay (DCD):    1.957ns
    Source Clock Delay      (SCD):    1.444ns
    Clock Pessimism Removal (CPR):    0.478ns

    Location             Delay type                Incr(ns)  Path(ns)    Netlist Resource(s)
  -------------------------------------------------------------------    -------------------
                         (clock sys_clk_pin rise edge)
                                                      0.000     0.000 r  
    W5                                                0.000     0.000 r  CLK (IN)
                         net (fo=0)                   0.000     0.000    CLK
    W5                   IBUF (Prop_ibuf_I_O)         0.226     0.226 r  CLK_IBUF_inst/O
                         net (fo=1, routed)           0.631     0.858    CLK_IBUF
    BUFGCTRL_X0Y0        BUFG (Prop_bufg_I_O)         0.026     0.884 r  CLK_IBUF_BUFG_inst/O
                         net (fo=1901, routed)        0.561     1.444    uart_unit/CLK_IBUF_BUFG
    SLICE_X44Y59         FDCE                                         r  uart_unit/rx_mem_reg[191]/C
  -------------------------------------------------------------------    -------------------
    SLICE_X44Y59         FDCE (Prop_fdce_C_Q)         0.141     1.585 f  uart_unit/rx_mem_reg[191]/Q
                         net (fo=8, routed)           0.223     1.808    uart_unit/rx_mem_reg[255]_0[103]
    SLICE_X43Y59         LUT3 (Prop_lut3_I2_O)        0.045     1.853 f  uart_unit/r_reg_reg[3]_LDC_i_1/O
                         net (fo=2, routed)           0.184     2.037    tri_unit/r_reg_reg[3]_P_0
    SLICE_X43Y59         FDPE                                         f  tri_unit/r_reg_reg[3]_P/PRE
  -------------------------------------------------------------------    -------------------

                         (clock sys_clk_pin rise edge)
                                                      0.000     0.000 r  
    W5                                                0.000     0.000 r  CLK (IN)
                         net (fo=0)                   0.000     0.000    CLK
    W5                   IBUF (Prop_ibuf_I_O)         0.414     0.414 r  CLK_IBUF_inst/O
                         net (fo=1, routed)           0.685     1.099    CLK_IBUF
    BUFGCTRL_X0Y0        BUFG (Prop_bufg_I_O)         0.029     1.128 r  CLK_IBUF_BUFG_inst/O
                         net (fo=1901, routed)        0.830     1.957    tri_unit/CLK_IBUF_BUFG
    SLICE_X43Y59         FDPE                                         r  tri_unit/r_reg_reg[3]_P/C
                         clock pessimism             -0.478     1.479    
    SLICE_X43Y59         FDPE (Remov_fdpe_C_PRE)     -0.095     1.384    tri_unit/r_reg_reg[3]_P
  -------------------------------------------------------------------
                         required time                         -1.384    
                         arrival time                           2.037    
  -------------------------------------------------------------------
                         slack                                  0.653    

Slack (MET) :             0.660ns  (arrival time - required time)
  Source:                 uart_unit/rx_mem_reg[14]/C
                            (rising edge-triggered cell FDCE clocked by sys_clk_pin  {rise@0.000ns fall@5.000ns period=10.000ns})
  Destination:            sine_unit/cntN_reg[17]/CLR
                            (removal check against rising-edge clock sys_clk_pin  {rise@0.000ns fall@5.000ns period=10.000ns})
  Path Group:             **async_default**
  Path Type:              Removal (Min at Fast Process Corner)
  Requirement:            0.000ns  (sys_clk_pin rise@0.000ns - sys_clk_pin rise@0.000ns)
  Data Path Delay:        0.760ns  (logic 0.189ns (24.863%)  route 0.571ns (75.137%))
  Logic Levels:           1  (LUT2=1)
  Clock Path Skew:        0.258ns (DCD - SCD - CPR)
    Destination Clock Delay (DCD):    1.945ns
    Source Clock Delay      (SCD):    1.438ns
    Clock Pessimism Removal (CPR):    0.249ns

    Location             Delay type                Incr(ns)  Path(ns)    Netlist Resource(s)
  -------------------------------------------------------------------    -------------------
                         (clock sys_clk_pin rise edge)
                                                      0.000     0.000 r  
    W5                                                0.000     0.000 r  CLK (IN)
                         net (fo=0)                   0.000     0.000    CLK
    W5                   IBUF (Prop_ibuf_I_O)         0.226     0.226 r  CLK_IBUF_inst/O
                         net (fo=1, routed)           0.631     0.858    CLK_IBUF
    BUFGCTRL_X0Y0        BUFG (Prop_bufg_I_O)         0.026     0.884 r  CLK_IBUF_BUFG_inst/O
                         net (fo=1901, routed)        0.555     1.438    uart_unit/CLK_IBUF_BUFG
    SLICE_X33Y67         FDCE                                         r  uart_unit/rx_mem_reg[14]/C
  -------------------------------------------------------------------    -------------------
    SLICE_X33Y67         FDCE (Prop_fdce_C_Q)         0.141     1.579 f  uart_unit/rx_mem_reg[14]/Q
                         net (fo=86, routed)          0.155     1.734    uart_unit/rx_mem[14]
    SLICE_X30Y68         LUT2 (Prop_lut2_I1_O)        0.048     1.782 f  uart_unit/r_reg[19]_i_3/O
                         net (fo=884, routed)         0.416     2.198    sine_unit/reset
    SLICE_X43Y72         FDCE                                         f  sine_unit/cntN_reg[17]/CLR
  -------------------------------------------------------------------    -------------------

                         (clock sys_clk_pin rise edge)
                                                      0.000     0.000 r  
    W5                                                0.000     0.000 r  CLK (IN)
                         net (fo=0)                   0.000     0.000    CLK
    W5                   IBUF (Prop_ibuf_I_O)         0.414     0.414 r  CLK_IBUF_inst/O
                         net (fo=1, routed)           0.685     1.099    CLK_IBUF
    BUFGCTRL_X0Y0        BUFG (Prop_bufg_I_O)         0.029     1.128 r  CLK_IBUF_BUFG_inst/O
                         net (fo=1901, routed)        0.817     1.945    sine_unit/CLK_IBUF_BUFG
    SLICE_X43Y72         FDCE                                         r  sine_unit/cntN_reg[17]/C
                         clock pessimism             -0.249     1.696    
    SLICE_X43Y72         FDCE (Remov_fdce_C_CLR)     -0.158     1.538    sine_unit/cntN_reg[17]
  -------------------------------------------------------------------
                         required time                         -1.538    
                         arrival time                           2.198    
  -------------------------------------------------------------------
                         slack                                  0.660    





